orig_index,orig_x,orig_y,new_x,new_y,dx,dy,dist
0,144.498689,72.206948,139.765167,68.551603,-4.733521,-3.655345,5.980616
1,142.574355,71.662027,138.454721,69.168322,-4.119633,-2.493705,4.815594
2,140.650021,71.117107,136.975836,68.923396,-3.674184,-2.193711,4.279252
3,120.027266,63.198648,115.793520,62.129048,-4.233746,-1.069599,4.366767
4,118.102932,62.653727,113.983583,61.219824,-4.119349,-1.433903,4.361779
5,68.138695,77.606154,68.183105,82.175779,0.044410,4.569625,4.569841
6,66.214361,77.061233,66.348528,81.666730,0.134167,4.605496,4.607450
7,64.290027,76.516313,64.756693,80.962588,0.466665,4.446275,4.470698
8,62.365693,75.971393,63.183555,80.447742,0.817862,4.476349,4.550451
9,60.441359,75.426472,61.615393,80.435504,1.174034,5.009032,5.144780
10,58.517025,74.881552,60.104224,80.588317,1.587199,5.706766,5.923375
11,56.592691,74.336631,58.160382,80.488204,1.567691,6.151573,6.348190
12,54.668357,73.791711,55.903623,79.590820,1.235266,5.799109,5.929211
13,52.744023,73.246790,52.903181,77.739066,0.159159,4.492276,4.495094
14,50.819689,72.701870,50.461002,74.413040,-0.358687,1.711171,1.748360
15,69.518109,80.075408,72.058821,83.753806,2.540712,3.678398,4.470551
16,67.593775,79.530488,69.543445,83.320693,1.949671,3.790205,4.262261
17,65.669441,78.985568,67.535849,82.979340,1.866408,3.993773,4.408367
18,63.745107,78.440647,66.030074,82.756222,2.284967,4.315575,4.883161
19,61.820773,77.895727,64.592824,82.328087,2.772051,4.432360,5.227818
20,59.896439,77.350806,63.092841,82.046230,3.196402,4.695423,5.680140
21,57.972104,76.805886,61.431723,82.135326,3.459619,5.329440,6.353888
22,56.047770,76.260965,58.159542,81.589219,2.111771,5.328254,5.731480
23,54.123436,75.716045,55.153302,79.760109,1.029866,4.044064,4.173138
24,52.199102,75.171124,51.956090,76.537835,-0.243012,1.366711,1.388147
25,68.973189,81.999743,70.835422,84.644692,1.862233,2.644949,3.234759
26,67.048854,81.454822,68.251307,84.446072,1.202453,2.991250,3.223891
27,65.124520,80.909902,67.361839,84.394077,2.237319,3.484176,4.140662
28,63.200186,80.364981,66.022730,84.051153,2.822543,3.686171,4.642694
29,61.275852,79.820061,64.546245,83.916714,3.270393,4.096653,5.241950
30,59.351518,79.275140,62.863566,83.474867,3.512048,4.199726,5.474686
31,57.427184,78.730220,58.880337,82.044482,1.453153,3.314263,3.618838
32,55.502850,78.185299,56.226854,80.485367,0.724004,2.300068,2.411326
33,53.578516,77.640379,53.600204,78.389720,0.021688,0.749341,0.749655
34,68.428268,83.924077,68.687440,84.493624,0.259172,0.569548,0.625743
35,66.503934,83.379156,66.778918,84.234917,0.274984,0.855761,0.898857
36,64.579600,82.834236,65.134669,83.917845,0.555069,1.083610,1.217502
37,62.655266,82.289315,63.470302,83.605739,0.815036,1.316424,1.548308
38,60.730932,81.744395,61.626260,83.023735,0.895328,1.279340,1.561513
39,58.806598,81.199474,59.419297,82.243216,0.612699,1.043742,1.210288
40,91.230704,84.145200,92.481651,84.743467,1.250947,0.598268,1.386648
41,89.306370,83.600279,91.538387,84.735632,2.232016,1.135353,2.504181
42,87.382036,83.055359,90.327034,84.664101,2.944998,1.608742,3.355751
43,85.457702,82.510438,89.093490,84.682049,3.635788,2.171611,4.234956
44,83.533368,81.965518,88.026625,84.673875,4.493257,2.708357,5.246385
45,81.609034,81.420597,87.257757,84.761071,5.648723,3.340473,6.562533
46,79.684700,80.875677,84.936439,84.431292,5.251739,3.555615,6.342173
47,77.760366,80.330756,82.171187,84.354953,4.410821,4.024196,5.970720
48,75.836032,79.785836,79.394868,83.968628,3.558836,4.182792,5.491909
49,73.911698,79.240915,76.633521,83.734118,2.721823,4.493202,5.253303
50,71.987364,78.695995,73.901042,83.868527,1.913679,5.172532,5.515184
51,70.063029,78.151074,70.493986,82.781186,0.430956,4.630112,4.650125
52,84.912782,84.434772,85.395980,84.745494,0.483198,0.310722,0.574481
53,82.988448,83.889852,84.038922,84.887447,1.050475,0.997595,1.448687
54,81.064114,83.344931,82.400688,84.811983,1.336575,1.467052,1.984609
55,79.139779,82.800011,80.764954,84.812170,1.625175,2.012159,2.586499
56,77.215445,82.255090,79.549121,84.893293,2.333676,2.638202,3.522237
57,75.291111,81.710170,78.703785,85.022423,3.412674,3.312253,4.755772
58,73.366777,81.165249,76.498014,84.842331,3.131237,3.677082,4.829656
59,71.442443,80.620329,74.623412,84.809883,3.180969,4.189554,5.260316
60,69.518109,80.075408,72.058821,83.753806,2.540712,3.678398,4.470551
61,76.670525,84.179424,77.276958,84.842660,0.606433,0.663235,0.898689
62,74.746191,83.634504,75.641771,84.994333,0.895581,1.359829,1.628250
63,72.821857,83.089584,73.758176,84.810398,0.936319,1.720814,1.959054
64,70.897523,82.544663,72.066826,84.882720,1.169304,2.338057,2.614150
65,68.973189,81.999743,70.835422,84.644692,1.862233,2.644949,3.234759
66,68.428268,83.924077,68.687440,84.493624,0.259172,0.569548,0.625743
67,87.926957,81.131025,93.593674,83.497352,5.666718,2.366327,6.140944
68,86.002623,80.586104,91.609560,83.323746,5.606938,2.737642,6.239586
69,84.078289,80.041184,89.395957,83.317540,5.317669,3.276356,6.245968
70,62.910614,74.047058,61.406480,78.350242,-1.504134,4.303184,4.558487
71,60.986280,73.502138,59.833765,78.840324,-1.152515,5.338186,5.461183
72,59.061945,72.957217,58.204917,78.953571,-0.857029,5.996354,6.057289
73,96.935257,56.659602,90.729590,59.687437,-6.205667,3.027835,6.904932
74,95.010923,56.114681,89.135820,58.315721,-5.875102,2.201040,6.273867
75,93.086589,55.569761,88.245613,56.825595,-4.840975,1.255834,5.001216
76,145.588530,68.358280,144.255879,66.582993,-1.332651,-1.775287,2.219820
77,143.664196,67.813359,139.173509,64.034822,-4.490687,-3.778537,5.868868
78,141.739861,67.268439,135.534264,64.282395,-6.205597,-2.986044,6.886646
79,150.271691,73.841709,146.050536,69.431850,-4.221155,-4.409860,6.104507
80,148.347357,73.296789,143.682481,68.555807,-4.664876,-4.740982,6.651164
81,146.423023,72.751868,141.390585,68.552843,-5.032438,-4.199025,6.554178
82,148.892277,71.372455,148.285573,70.265054,-0.606705,-1.107401,1.262706
83,146.967943,70.827534,142.095366,66.603659,-4.872578,-4.223875,6.448499
84,145.043609,70.282614,139.702898,66.032133,-5.340712,-4.250481,6.825671
85,143.119275,69.737693,137.633954,66.246341,-5.485321,-3.491353,6.502175
86,141.194941,69.192773,136.026591,66.721721,-5.168350,-2.471052,5.728695
87,153.575439,76.855884,152.967177,75.651710,-0.608261,-1.204174,1.349080
88,151.651105,76.310964,147.990290,71.448984,-3.660815,-4.861980,6.086083
89,149.726770,75.766043,144.984737,71.089924,-4.742033,-4.676119,6.659802
90,147.802436,75.221123,143.271619,70.997787,-4.530817,-4.223336,6.193938
91,145.878102,74.676202,141.797895,71.308364,-4.080207,-3.367839,5.290598
92,143.953768,74.131282,140.348394,71.143040,-3.605375,-2.988242,4.682768
93,142.029434,73.586362,138.755796,71.319211,-3.273638,-2.267151,3.982044
94,140.105100,73.041441,136.786626,71.218895,-3.318474,-1.822546,3.786020
95,154.954852,79.325139,150.997603,74.641715,-3.957249,-4.683424,6.131418
96,153.030518,78.780218,148.777933,73.402829,-4.252586,-5.377390,6.855713
97,151.106184,78.235298,146.590426,73.277732,-4.515758,-4.957566,6.705933
98,149.181850,77.690378,144.901798,73.629641,-4.280052,-4.060737,5.899867
99,147.257516,77.145457,143.262442,73.675313,-3.995074,-3.470144,5.291740
100,145.333182,76.600537,141.588381,73.581428,-3.744801,-3.019109,4.810255
101,143.408848,76.055616,139.617350,73.292353,-3.791498,-2.763263,4.691596
102,141.484514,75.510696,137.420703,72.904275,-4.063810,-2.606420,4.827834
103,139.560180,74.965775,134.931288,72.693406,-4.628892,-2.272369,5.156578
104,158.258600,82.339314,158.258600,82.339314,0.000000,0.000000,0.000000
105,156.334266,81.794394,153.184043,76.536623,-3.150223,-5.257771,6.129279
106,154.409932,81.249473,149.798860,76.104362,-4.611072,-5.145112,6.908991
107,152.485598,80.704553,147.984379,75.912876,-4.501219,-4.791676,6.574278
108,150.561264,80.159632,146.250735,75.956743,-4.310528,-4.202889,6.020376
109,148.636930,79.614712,144.457393,75.826730,-4.179536,-3.787982,5.640685
110,146.712595,79.069791,142.366070,75.611667,-4.346525,-3.458124,5.554359
111,144.788261,78.524871,139.992588,75.087298,-4.795673,-3.437573,5.900456
112,142.863927,77.979950,137.592550,74.599384,-5.271377,-3.380567,6.262240
113,140.939593,77.435030,135.226865,74.312187,-5.712728,-3.122843,6.510561
114,139.015259,76.890109,132.872588,74.328213,-6.142672,-2.561896,6.655503
115,159.638014,84.808569,159.417620,83.884390,-0.220393,-0.924179,0.950094
116,157.713679,84.263648,153.949868,78.230384,-3.763811,-6.033264,7.111016
117,155.789345,83.718728,151.408702,78.131552,-4.380644,-5.587176,7.099759
118,153.865011,83.173807,149.405967,78.351539,-4.459045,-4.822269,6.567903
119,151.940677,82.628887,147.484722,78.181656,-4.455955,-4.447231,6.295506
120,150.016343,82.083966,145.393304,77.966120,-4.623040,-4.117846,6.191054
121,148.092009,81.539046,143.058255,77.532700,-5.033754,-4.006346,6.433466
122,146.167675,80.994125,140.633095,76.997360,-5.534580,-3.996765,6.826837
123,144.243341,80.449205,138.345239,76.541500,-5.898102,-3.907705,7.075151
124,142.319007,79.904284,136.196456,76.205764,-6.122551,-3.698521,7.152949
125,140.394673,79.359364,134.080540,76.019752,-6.314132,-3.339611,7.142918
126,138.470339,78.814443,131.953588,76.125173,-6.516750,-2.689270,7.049837
127,161.017427,87.277823,160.880012,85.820590,-0.137415,-1.457233,1.463698
128,159.093093,86.732903,155.226902,80.435533,-3.866191,-6.297370,7.389472
129,157.168759,86.187982,153.033577,80.372274,-4.135182,-5.815709,7.135979
130,155.244425,85.643062,151.018986,80.382582,-4.225439,-5.260479,6.747368
131,153.320091,85.098141,148.896405,80.310488,-4.423686,-4.787653,6.518483
132,151.395757,84.553221,146.536065,80.005541,-4.859691,-4.547680,6.655674
133,149.471423,84.008300,144.086064,79.576730,-5.385359,-4.431571,6.974303
134,147.547089,83.463380,141.816363,79.190456,-5.730726,-4.272924,7.148363
135,145.622754,82.918459,139.756619,78.833491,-5.866135,-4.084968,7.148322
136,143.698420,82.373539,137.756083,78.487983,-5.942337,-3.885556,7.099923
137,141.774086,81.828618,135.705727,78.122563,-6.068360,-3.706056,7.110544
138,139.849752,81.283698,133.648644,77.915416,-6.201108,-3.368282,7.056845
139,137.925418,80.738777,131.668782,78.027668,-6.256636,-2.711109,6.818769
140,160.472507,89.202157,157.393617,83.735268,-3.078890,-5.466889,6.274268
141,158.548173,88.657237,155.314289,82.591561,-3.233884,-6.065675,6.873894
142,156.623839,88.112316,152.980861,82.481644,-3.642977,-5.630672,6.706397
143,154.699504,87.567396,150.640219,82.287718,-4.059286,-5.279678,6.659789
144,152.775170,87.022475,148.083732,81.977126,-4.691439,-5.045349,6.889495
145,150.850836,86.477555,145.577940,81.660588,-5.272896,-4.816966,7.141891
146,148.926502,85.932634,143.352480,81.405593,-5.574022,-4.527041,7.180795
147,147.002168,85.387714,141.260480,81.130699,-5.741689,-4.257015,7.147668
148,145.077834,84.842793,139.212392,80.727460,-5.865442,-4.115333,7.165150
149,143.153500,84.297873,137.163906,80.357159,-5.989594,-3.940714,7.169691
150,141.229166,83.752952,135.231907,80.055960,-5.997259,-3.696993,7.045202
151,139.304832,83.208032,133.437170,79.925174,-5.867661,-3.282858,6.723586
152,137.380498,82.663112,131.678918,79.986644,-5.701580,-2.676468,6.298531
153,159.927586,91.126491,158.901369,85.779534,-1.026217,-5.346957,5.444545
154,158.003252,90.581571,155.664571,84.694918,-2.338681,-5.886652,6.334201
155,156.078918,90.036650,152.882601,84.398849,-3.196317,-5.637802,6.480837
156,154.154584,89.491730,150.059354,84.003361,-4.095230,-5.488368,6.847853
157,152.230250,88.946809,147.510210,83.649420,-4.720040,-5.297389,7.095147
158,150.305916,88.401889,145.169204,83.467183,-5.136711,-4.934706,7.123000
159,148.381582,87.856968,142.956967,83.242380,-5.424614,-4.614589,7.121859
160,146.457248,87.312048,140.860307,82.992089,-5.596940,-4.319959,7.070204
161,144.532914,86.767127,138.903910,82.645301,-5.629003,-4.121827,6.976757
162,142.608579,86.222207,137.016991,82.288107,-5.591589,-3.934100,6.836886
163,140.684245,85.677287,135.202573,82.057602,-5.481673,-3.619684,6.568931
164,138.759911,85.132366,133.449189,81.914421,-5.310723,-3.217945,6.209585
165,136.835577,84.587446,131.527165,81.867732,-5.308412,-2.719713,5.964569
166,157.458332,92.505905,156.860194,86.794675,-0.598137,-5.711230,5.742466
167,155.533998,91.960984,153.969151,86.246909,-1.564846,-5.714075,5.924475
168,153.609663,91.416064,150.628241,85.809064,-2.981423,-5.607000,6.350381
169,151.685329,90.871143,147.610250,85.437866,-4.075080,-5.433277,6.791670
170,149.760995,90.326223,145.198778,85.304383,-4.562218,-5.021840,6.784741
171,147.836661,89.781303,143.048595,85.109702,-4.788066,-4.671601,6.689501
172,145.912327,89.236382,140.982363,84.871418,-4.929964,-4.364964,6.584638
173,143.987993,88.691462,138.981375,84.575229,-5.006618,-4.116232,6.481481
174,142.063659,88.146541,137.078326,84.148693,-4.985333,-3.997848,6.390331
175,140.139325,87.601621,135.133748,83.850007,-5.005576,-3.751613,6.255429
176,138.214991,87.056700,132.943521,83.614473,-5.271470,-3.442228,6.295818
177,136.290657,86.511780,130.597802,83.522532,-5.692855,-2.989247,6.429946
178,153.064743,93.340398,152.156798,87.556822,-0.907945,-5.783576,5.854410
179,151.140409,92.795478,148.699252,87.073984,-2.441157,-5.721493,6.220509
180,149.216075,92.250557,145.866104,87.131311,-3.349971,-5.119247,6.117924
181,147.291741,91.705637,143.319781,86.979335,-3.971960,-4.726302,6.173686
182,145.367407,91.160716,141.155316,86.625152,-4.212091,-4.535564,6.189753
183,143.443073,90.615796,139.040681,86.249806,-4.402392,-4.365990,6.200235
184,141.518738,90.070875,136.689754,85.750014,-4.828984,-4.320861,6.479886
185,139.594404,89.525955,134.303044,85.297919,-5.291360,-4.228035,6.773092
186,137.670070,88.981034,131.948537,85.054096,-5.721533,-3.926938,6.939509
187,135.745736,88.436114,129.572710,85.114370,-6.173026,-3.321744,7.010010
188,150.595488,94.719812,150.297254,88.980888,-0.298235,-5.738923,5.746667
189,148.671154,94.174891,147.401874,88.787793,-1.269280,-5.387098,5.534609
190,146.746820,93.629971,144.357543,88.581865,-2.389278,-5.048106,5.584982
191,144.822486,93.085050,141.331062,88.324578,-3.491424,-4.760472,5.903570
192,142.898152,92.540130,138.441148,87.731752,-4.457004,-4.808378,6.556324
193,140.973818,91.995209,135.926858,87.171084,-5.046960,-4.824126,6.981690
194,139.049484,91.450289,133.574005,86.767951,-5.475479,-4.682338,7.204524
195,137.125150,90.905368,131.205848,86.624206,-5.919302,-4.281162,7.305237
196,135.200816,90.360448,129.050310,86.778677,-6.150506,-3.581771,7.117430
197,146.201900,95.554305,145.874064,90.288195,-0.327836,-5.266110,5.276304
198,144.277566,95.009384,142.787810,89.767527,-1.489756,-5.241857,5.449444
199,142.353232,94.464464,139.536742,89.251970,-2.816490,-5.212493,5.924753
200,140.428898,93.919543,136.739410,88.812131,-3.689488,-5.107413,6.300633
201,138.504563,93.374623,134.245696,88.388553,-4.258868,-4.986069,6.557350
202,136.580229,92.829702,131.906414,88.115732,-4.673816,-4.713971,6.638228
203,134.655895,92.284782,128.811359,88.470488,-5.844536,-3.814293,6.979072
204,141.808311,96.388798,141.243281,91.156950,-0.565030,-5.231847,5.262270
205,139.883977,95.843877,138.282661,90.849657,-1.601316,-4.994221,5.244659
206,137.959643,95.298957,135.861940,90.545309,-2.097703,-4.753648,5.195914
207,136.035309,94.754036,133.871303,90.199499,-2.164006,-4.554538,5.042493
208,134.110975,94.209116,132.170116,89.942244,-1.940859,-4.266872,4.687551
209,122.206948,55.501311,120.275166,54.341182,-1.931782,-1.160129,2.253371
210,120.282614,54.956391,118.050501,53.278972,-2.232112,-1.677419,2.792143
211,118.358280,54.411470,115.496727,52.064568,-2.861553,-2.346902,3.700869
212,131.283698,60.150248,125.814200,62.081430,-5.469497,1.931182,5.800419
213,129.359364,59.605327,123.201632,60.824990,-6.157732,1.219663,6.277359
214,127.435030,59.060407,121.200207,58.696482,-6.234823,-0.363925,6.245435
215,125.510696,58.515486,119.239061,56.773706,-6.271634,-1.741780,6.509009
216,123.586362,57.970566,117.279920,55.454379,-6.306442,-2.516187,6.789875
217,121.662027,57.425645,115.367589,54.607374,-6.294438,-2.818271,6.896565
218,119.737693,56.880725,113.565943,53.848393,-6.171751,-3.032332,6.876448
219,117.813359,56.335804,111.451268,53.271619,-6.362092,-3.064186,7.061547
220,140.360448,64.799184,138.672444,63.479294,-1.688004,-1.319891,2.142771
221,138.436114,64.254264,132.007757,62.855576,-6.428357,-1.398688,6.578761
222,136.511780,63.709343,129.938254,64.004975,-6.573526,0.295631,6.580170
223,134.587446,63.164423,128.191219,64.963122,-6.396227,1.798699,6.644324
224,132.663112,62.619502,126.414702,65.515361,-6.248410,2.895859,6.886844
225,130.738777,62.074582,124.512823,65.212258,-6.225954,3.137676,6.971909
226,128.814443,61.529661,122.876439,63.950642,-5.938005,2.420980,6.412569
227,126.890109,60.984741,121.532251,62.157040,-5.357859,1.172299,5.484609
228,124.965775,60.439820,120.081598,60.291045,-4.884177,-0.148775,4.886443
229,123.041441,59.894900,118.269246,58.772097,-4.772195,-1.122803,4.902503
230,121.117107,59.349979,116.455703,57.693575,-4.661404,-1.656405,4.946955
231,119.192773,58.805059,114.803957,56.917325,-4.388816,-1.887734,4.777577
232,117.268439,58.260139,112.817188,56.357871,-4.451251,-1.902268,4.840687
233,139.270607,68.647852,134.622114,67.511991,-4.648493,-1.135861,4.785255
234,137.346273,68.102932,132.850440,67.800252,-4.495833,-0.302680,4.506010
235,135.421939,67.558011,130.817316,68.736657,-4.604622,1.178645,4.753078
236,133.497605,67.013091,128.291940,69.618992,-5.205665,2.605901,5.821483
237,131.573271,66.468171,125.916536,69.830619,-5.656735,3.362448,6.580631
238,129.648936,65.923250,123.652021,69.437707,-5.996915,3.514457,6.950856
239,127.724602,65.378330,121.451665,68.394105,-6.272938,3.015775,6.960219
240,125.800268,64.833409,119.633645,66.764244,-6.166623,1.930835,6.461840
241,123.875934,64.288489,118.340040,64.962159,-5.535894,0.673671,5.576733
242,121.951600,63.743568,117.322342,63.307555,-4.629258,-0.436013,4.649746
243,139.815527,66.723518,133.558029,65.011881,-6.257498,-1.711637,6.487371
244,137.891193,66.178598,131.770936,65.917322,-6.120257,-0.261276,6.125832
245,135.966859,65.633677,129.987625,66.863407,-5.979234,1.229730,6.104381
246,134.042525,65.088757,128.171994,67.641534,-5.870531,2.552777,6.401547
247,132.118191,64.543836,126.227790,67.942365,-5.890401,3.398529,6.800502
248,130.193857,63.998916,124.203411,67.577551,-5.990446,3.578635,6.977970
249,128.269523,63.453995,122.293851,66.561178,-5.975672,3.107182,6.735223
250,126.345189,62.909075,120.857502,64.996699,-5.487687,2.087624,5.871361
251,124.420855,62.364155,119.896150,63.343228,-4.524705,0.979074,4.629421
252,122.496521,61.819234,118.851628,61.777299,-3.644892,-0.041935,3.645134
253,120.572187,61.274314,117.402950,60.637995,-3.169237,-0.636318,3.232485
254,118.647852,60.729393,115.796882,59.705216,-2.850971,-1.024177,3.029352
255,116.723518,60.184473,113.595953,59.075716,-3.127565,-1.108757,3.318284
256,109.281530,49.762534,103.243372,49.669593,-6.038158,-0.092941,6.038873
257,107.357196,49.217613,101.353815,50.901601,-6.003381,1.683988,6.235094
258,105.432862,48.672693,99.594698,51.840217,-5.838164,3.167524,6.642090
259,103.508528,48.127772,97.688383,51.017089,-5.820145,2.889316,6.497864
260,101.584193,47.582852,95.610381,50.160604,-5.973812,2.577752,6.506246
261,99.659859,47.037932,93.326184,48.868336,-6.333676,1.830405,6.592862
262,97.735525,46.493011,90.886411,47.160893,-6.849115,0.667882,6.881601
263,118.358280,54.411470,115.496727,52.064568,-2.861553,-2.346902,3.700869
264,116.433946,53.866550,110.513853,50.447905,-5.920092,-3.418645,6.836273
265,114.509612,53.321629,107.973156,50.475657,-6.536456,-2.845973,7.129152
266,112.585278,52.776709,105.820233,51.085884,-6.765045,-1.690825,6.973143
267,110.660943,52.231788,104.154805,52.338289,-6.506138,0.106501,6.507010
268,108.736609,51.686868,102.687427,53.560178,-6.049183,1.873310,6.332606
269,106.812275,51.141948,101.133542,54.454774,-5.678734,3.312826,6.574407
270,104.887941,50.597027,99.446248,55.019171,-5.441693,4.422144,7.011945
271,102.963607,50.052107,97.661330,54.391798,-5.302278,4.339691,6.851793
272,101.039273,49.507186,95.907725,53.249597,-5.131548,3.742411,6.351254
273,99.114939,48.962266,94.033109,51.716640,-5.081830,2.754374,5.780274
274,97.190605,48.417345,91.450750,50.103641,-5.739855,1.686296,5.982435
275,95.266271,47.872425,88.821532,48.718626,-6.444739,0.846201,6.500055
276,117.813359,56.335804,111.451268,53.271619,-6.362092,-3.064186,7.061547
277,115.889025,55.790884,109.455583,53.142055,-6.433443,-2.648829,6.957405
278,113.964691,55.245964,108.011951,53.352214,-5.952741,-1.893749,6.246712
279,112.040357,54.701043,106.624519,53.953879,-5.415838,-0.747164,5.467134
280,110.116023,54.156123,105.124914,54.658773,-4.991109,0.502651,5.016356
281,108.191689,53.611202,103.503971,55.722398,-4.687718,2.111196,5.141192
282,106.267355,53.066282,101.588091,56.749243,-4.679264,3.682962,5.954806
283,104.343021,52.521361,99.582694,57.232878,-4.760326,4.711517,6.697693
284,102.418687,51.976441,97.573795,56.927247,-4.844892,4.950806,6.927010
285,100.494353,51.431520,95.716606,55.974778,-4.777746,4.543258,6.593030
286,98.570018,50.886600,94.224185,54.311187,-4.345833,3.424587,5.532998
287,96.645684,50.341679,92.500342,52.380726,-4.145343,2.039047,4.619695
288,94.721350,49.796759,89.752521,50.925141,-4.968829,1.128382,5.095342
289,117.268439,58.260139,112.817188,56.357871,-4.451251,-1.902268,4.840687
290,115.344105,57.715218,110.964262,55.981791,-4.379843,-1.733427,4.710392
291,113.419771,57.170298,109.512539,55.675685,-3.907231,-1.494613,4.183339
292,111.495437,56.625377,107.864165,56.041898,-3.631272,-0.583480,3.677850
293,109.571102,56.080457,105.888711,56.664001,-3.682391,0.583544,3.728342
294,107.646768,55.535536,103.514515,57.777069,-4.132254,2.241532,4.701062
295,105.722434,54.990616,101.184404,58.761493,-4.538030,3.770877,5.900274
296,103.798100,54.445695,99.103339,59.121180,-4.694762,4.675484,6.625778
297,101.873766,53.900775,96.989991,58.829570,-4.883775,4.928795,6.938608
298,99.949432,53.355854,94.944186,58.027454,-5.005246,4.671600,6.846629
299,98.025098,52.810934,93.385422,56.567999,-4.639676,3.757065,5.970103
300,96.100764,52.266013,92.411879,54.698911,-3.688884,2.432898,4.418921
301,94.176430,51.721093,90.846978,52.933580,-3.329452,1.212487,3.543357
302,116.178598,62.108807,111.652748,60.515688,-4.525850,-1.593119,4.798056
303,114.254264,61.563886,109.753326,59.946219,-4.500937,-1.617667,4.782811
304,112.329930,61.018966,107.459532,59.987469,-4.870398,-1.031497,4.978430
305,110.405596,60.474045,104.924674,60.602032,-5.480921,0.127986,5.482415
306,108.481262,59.929125,102.818643,61.531156,-5.662618,1.602031,5.884875
307,106.556927,59.384204,101.019700,62.280610,-5.537227,2.896406,6.249004
308,104.632593,58.839284,99.259646,62.668714,-5.372947,3.829430,6.597961
309,102.708259,58.294363,97.329568,62.533114,-5.378692,4.238751,6.848163
310,100.783925,57.749443,95.125514,61.986730,-5.658411,4.237287,7.069103
311,98.859591,57.204522,92.814905,61.022612,-6.044686,3.818090,7.149549
312,116.723518,60.184473,113.595953,59.075716,-3.127565,-1.108757,3.318284
313,114.799184,59.639552,111.459969,58.382270,-3.339216,-1.257282,3.568069
314,112.874850,59.094632,109.535342,58.038578,-3.339508,-1.056054,3.502508
315,110.950516,58.549711,107.324990,58.195486,-3.625526,-0.354225,3.642790
316,109.026182,58.004791,104.905170,58.869151,-4.121012,0.864360,4.210684
317,107.101848,57.459870,102.423350,59.946532,-4.678498,2.486662,5.298285
318,105.177514,56.914950,100.289265,60.688514,-4.888249,3.773564,6.175335
319,103.253180,56.370029,98.251140,60.812197,-5.002040,4.442168,6.689788
320,101.328846,55.825109,96.054142,60.425309,-5.274703,4.600200,6.998881
321,99.404512,55.280188,93.846009,59.590329,-5.558502,4.310140,7.033794
322,97.480177,54.735268,92.038735,58.291954,-5.441443,3.556686,6.500717
323,95.555843,54.190347,90.940274,56.684313,-4.615569,2.493965,5.246269
324,93.631509,53.645427,90.276813,55.108526,-3.354697,1.463099,3.659870
325,93.341937,47.327504,87.034419,47.766637,-6.307518,0.439133,6.322786
326,91.417603,46.782584,84.805825,47.388668,-6.611777,0.606084,6.639498
327,89.493268,46.237663,87.665667,45.976156,-1.827602,-0.261507,1.846216
328,92.797016,49.251838,86.639106,50.009621,-6.157910,0.757783,6.204360
329,90.872682,48.706918,84.161155,49.644096,-6.711527,0.937178,6.776644
330,88.948348,48.161997,82.430376,48.862591,-6.517972,0.700594,6.555516
331,87.024014,47.617077,80.406378,48.499602,-6.617636,0.882525,6.676223
332,85.099680,47.072156,82.409274,46.879129,-2.690406,-0.193027,2.697322
333,92.252096,51.176172,88.314984,51.838919,-3.937112,0.662747,3.992503
334,90.327762,50.631252,85.432712,51.551553,-4.895050,0.920301,4.980810
335,88.403428,50.086331,82.278611,51.076199,-6.124817,0.989868,6.204290
336,86.479093,49.541411,79.869613,50.661353,-6.609481,1.119942,6.703693
337,84.554759,48.996490,77.910161,50.284744,-6.644598,1.288254,6.768330
338,82.630425,48.451570,75.770253,50.131200,-6.860173,1.679630,7.062799
339,80.706091,47.906650,78.154625,47.994778,-2.551466,0.088128,2.552987
340,91.162255,55.024841,87.075925,55.832252,-4.086330,0.807411,4.165333
341,89.237921,54.479920,85.675966,55.222115,-3.561954,0.742195,3.638457
342,87.313587,53.935000,84.181738,54.667464,-3.131849,0.732465,3.216361
343,85.389252,53.390079,82.293086,54.181148,-3.096166,0.791069,3.195628
344,83.464918,52.845159,80.038556,53.897851,-3.426362,1.052692,3.584427
345,81.540584,52.300238,77.490021,53.890688,-4.050563,1.590450,4.351620
346,79.616250,51.755318,75.126565,54.320878,-4.489685,2.565561,5.171013
347,77.691916,51.210397,72.929025,54.923350,-4.762891,3.712953,6.039135
348,75.767582,50.665477,70.830551,55.332864,-4.937032,4.667388,6.794026
349,73.843248,50.120556,68.670015,54.285395,-5.173233,4.164838,6.641402
350,91.707175,53.100506,88.867891,54.013490,-2.839285,0.912984,2.982461
351,89.782841,52.555586,86.838405,53.216100,-2.944436,0.660514,3.017612
352,87.858507,52.010665,84.007830,52.629134,-3.850677,0.618469,3.900027
353,85.934173,51.465745,81.191940,52.523978,-4.742233,1.058233,4.858871
354,84.009839,50.920825,78.458392,52.392424,-5.551447,1.471599,5.743185
355,82.085505,50.375904,75.912658,52.358015,-6.172847,1.982111,6.483271
356,80.161171,49.830984,73.683799,52.336292,-6.477372,2.505309,6.944992
357,78.236837,49.286063,71.453554,52.129027,-6.783283,2.842964,7.354956
358,62.041896,55.093290,56.383766,58.029301,-5.658130,2.936011,6.374527
359,61.496975,57.017624,55.767927,59.914298,-5.729048,2.896674,6.419713
360,59.572641,56.472704,53.313957,59.068237,-6.258684,2.595533,6.775539
361,57.648307,55.927783,56.356832,56.141300,-1.291475,0.213517,1.309006
362,60.952055,58.941958,56.942567,61.327999,-4.009487,2.386041,4.665745
363,59.027721,58.397038,53.180114,61.423027,-5.847607,3.025989,6.584156
364,57.103387,57.852117,50.910187,60.750204,-6.193199,2.898087,6.837735
365,55.179052,57.307197,48.851927,59.829416,-6.327126,2.522219,6.811322
366,60.407134,60.866292,58.093100,62.619384,-2.314035,1.753091,2.903116
367,58.482800,60.321372,54.856376,62.420703,-3.626424,2.099331,4.190244
368,56.558466,59.776452,51.513029,63.087323,-5.045437,3.310872,6.034758
369,54.634132,59.231531,49.309651,63.496003,-5.324481,4.264472,6.821717
370,52.709798,58.686611,47.219778,62.373218,-5.490020,3.686607,6.612972
371,59.862214,62.790627,57.238714,64.505508,-2.623499,1.714881,3.134257
372,57.937880,62.245706,55.349445,64.176036,-2.588435,1.930330,3.228958
373,56.013546,61.700786,52.992115,64.336692,-3.021430,2.635907,4.009619
374,54.089211,61.155865,50.674821,65.414909,-3.414390,4.259044,5.458710
375,52.164877,60.610945,48.725377,66.140936,-3.439501,5.529991,6.512371
376,50.240543,60.066024,46.947571,64.632592,-3.292972,4.566568,5.630028
377,59.317293,64.714961,56.107916,66.698401,-3.209378,1.983440,3.772816
378,57.392959,64.170040,54.605078,66.285965,-2.787881,2.115925,3.499917
379,55.468625,63.625120,53.015385,66.510855,-2.453240,2.885735,3.787592
380,53.544291,63.080199,51.491576,67.346373,-2.052715,4.266174,4.734330
381,51.619957,62.535279,50.051677,68.295002,-1.568280,5.759723,5.969415
382,49.695623,61.990358,48.199726,68.171121,-1.495897,6.180763,6.359209
383,47.771289,61.445438,45.566031,64.918136,-2.205258,3.472699,4.113733
384,58.772373,66.639295,54.131794,70.936791,-4.640579,4.297496,6.324827
385,56.848039,66.094374,53.998522,68.899053,-2.849517,2.804679,3.998246
386,54.923705,65.549454,52.546372,69.687809,-2.377332,4.138356,4.772599
387,52.999371,65.004533,51.321113,70.093752,-1.678257,5.089218,5.358796
388,51.075036,64.459613,50.261556,70.758667,-0.813480,6.299054,6.351365
389,49.150702,63.914692,48.918778,69.924324,-0.231924,6.009632,6.014105
390,47.226368,63.369772,46.113238,66.267258,-1.113130,2.897486,3.103946
391,58.227452,68.563629,54.517756,73.590515,-3.709696,5.026886,6.247514
392,56.303118,68.018708,53.328354,73.315275,-2.974764,5.296566,6.074770
393,54.378784,67.473788,52.587907,72.103481,-1.790877,4.629693,4.964000
394,52.454450,66.928867,51.511525,72.661561,-0.942925,5.732693,5.809723
395,50.530116,66.383947,50.354420,72.517412,-0.175696,6.133465,6.135981
396,48.605782,65.839026,48.600547,71.199927,-0.005235,5.360901,5.360904
397,46.681448,65.294106,46.376633,66.795989,-0.304815,1.501883,1.532503
398,57.137611,72.412297,56.620797,78.464347,-0.516815,6.052050,6.074077
399,55.213277,71.867377,54.946960,77.929393,-0.266317,6.062017,6.067864
400,53.288943,71.322456,53.295829,76.920320,0.006885,5.597864,5.597869
401,51.364609,70.777536,51.239546,75.378795,-0.125063,4.601259,4.602959
402,49.440275,70.232615,49.124994,72.063059,-0.315281,1.830443,1.857398
403,57.682532,70.487963,55.174762,76.178183,-2.507770,5.690220,6.218321
404,55.758198,69.943042,53.944020,75.563991,-1.814178,5.620949,5.906463
405,53.833864,69.398122,52.793118,74.975158,-1.040746,5.577036,5.673313
406,51.909530,68.853201,51.698996,74.340660,-0.210533,5.487459,5.491496
407,49.985195,68.308281,49.842451,73.427738,-0.142745,5.119457,5.121446
408,48.060861,67.763361,47.831317,69.624126,-0.229544,1.860766,1.874870
409,88.693000,56.404254,83.232125,57.466023,-5.460875,1.061769,5.563138
410,86.768666,55.859334,82.487473,56.236348,-4.281193,0.377014,4.297762
411,84.844332,55.314413,81.026066,56.761114,-3.818266,1.446701,4.083149
412,82.919998,54.769493,79.823988,55.917228,-3.096010,1.147736,3.301905
413,80.995664,54.224572,78.241866,55.682614,-2.753798,1.458042,3.115973
414,79.071330,53.679652,76.262239,55.849852,-2.809090,2.170201,3.549755
415,77.146996,53.134731,74.217882,56.637055,-2.929114,3.502324,4.565740
416,75.222662,52.589811,72.075960,57.638495,-3.146701,5.048684,5.949029
417,73.298327,52.044890,69.822833,57.905788,-3.475494,5.860898,6.813896
418,71.373993,51.499970,67.413271,56.540015,-3.960723,5.040045,6.410100
419,88.148080,58.328588,81.749252,59.521263,-6.398828,1.192675,6.509030
420,86.223746,57.783668,80.207674,59.788809,-6.016072,2.005141,6.341428
421,84.299412,57.238747,79.454055,58.450425,-4.845356,1.211678,4.994561
422,82.375077,56.693827,77.982002,59.183430,-4.393075,2.489603,5.049478
423,80.450743,56.148906,77.349435,57.628739,-3.101308,1.479833,3.436280
424,78.526409,55.603986,75.757307,58.293292,-2.769102,2.689306,3.860090
425,76.602075,55.059065,74.145938,59.038136,-2.456138,3.979071,4.676068
426,74.677741,54.514145,72.413518,59.938044,-2.264223,5.423899,5.877533
427,72.753407,53.969224,70.441313,60.340346,-2.312094,6.371122,6.777682
428,70.829073,53.424304,68.186502,59.679810,-2.642570,6.255506,6.790769
429,68.904739,52.879383,65.644884,58.356925,-3.259855,5.477542,6.374176
430,66.980405,52.334463,62.621178,56.766275,-4.359227,4.431812,6.216415
431,87.603159,60.252922,81.234689,61.974411,-6.368471,1.721489,6.597040
432,85.678825,59.708002,79.445859,61.985414,-6.232966,2.277412,6.635999
433,83.754491,59.163081,77.911680,61.882190,-5.842811,2.719109,6.444532
434,81.830157,58.618161,76.402745,62.752827,-5.427412,4.134666,6.822922
435,79.905823,58.073240,76.137000,60.599015,-3.768823,2.525775,4.536911
436,77.981489,57.528320,74.737490,61.834058,-3.243999,4.305738,5.391003
437,76.057155,56.983399,73.307854,62.003137,-2.749300,5.019737,5.723322
438,74.132821,56.438479,71.835996,62.475666,-2.296825,6.037187,6.459337
439,72.208487,55.893559,70.075642,62.462349,-2.132845,6.568790,6.906376
440,70.284152,55.348638,68.101810,61.929600,-2.182342,6.580962,6.933374
441,68.359818,54.803718,65.785683,60.577645,-2.574135,5.773927,6.321741
442,66.435484,54.258797,62.717716,58.912253,-3.717768,4.653456,5.956212
443,64.511150,53.713877,59.137024,57.142138,-5.374126,3.428262,6.374497
444,87.058239,62.177256,80.519775,64.165638,-6.538464,1.988381,6.834118
445,85.133905,61.632336,78.954609,64.383074,-6.179296,2.750739,6.763894
446,83.209571,61.087415,77.556435,64.682881,-5.653136,3.595466,6.699651
447,81.285236,60.542495,76.240459,65.131155,-5.044778,4.588660,6.819500
448,79.360902,59.997574,74.999185,64.853288,-4.361718,4.855714,6.527062
449,77.436568,59.452654,73.820930,64.475354,-3.615638,5.022700,6.188728
450,75.512234,58.907734,72.502340,64.583117,-3.009894,5.675384,6.424130
451,73.587900,58.362813,71.024991,64.535479,-2.562909,6.172666,6.683585
452,71.663566,57.817893,69.278899,64.418071,-2.384667,6.600178,7.017763
453,69.739232,57.272972,67.346789,63.901807,-2.392443,6.628835,7.047357
454,67.814898,56.728052,65.475207,62.448359,-2.339691,5.720307,6.180297
455,65.890564,56.183131,63.011994,60.499575,-2.878570,4.316444,5.188242
456,63.966230,55.638211,59.103730,59.126169,-4.862500,3.487958,5.984126
457,86.513318,64.101590,80.630892,66.365593,-5.882426,2.264003,6.303067
458,84.588984,63.556670,78.930616,66.698377,-5.658368,3.141707,6.472052
459,82.664650,63.011750,77.439058,67.152596,-5.225592,4.140846,6.667340
460,80.740316,62.466829,76.057158,67.620748,-4.683158,5.153919,6.963824
461,78.815982,61.921909,74.665574,67.651498,-4.150408,5.729590,7.074891
462,76.891648,61.376988,73.398782,67.044733,-3.492865,5.667745,6.657585
463,74.967314,60.832068,71.993651,66.680340,-2.973663,5.848273,6.560866
464,73.042980,60.287147,70.358291,66.495259,-2.684689,6.208111,6.763742
465,71.118646,59.742227,68.407089,66.280211,-2.711556,6.537984,7.077978
466,69.194312,59.197306,66.289091,65.666733,-2.905221,6.469426,7.091811
467,67.269977,58.652386,64.625701,64.121083,-2.644277,5.468698,6.074443
468,65.345643,58.107465,63.083469,62.072652,-2.262175,3.965187,4.565100
469,63.421309,57.562545,59.761772,60.566494,-3.659537,3.003949,4.734546
470,85.968398,66.025925,81.863039,68.087663,-4.105359,2.061738,4.593989
471,84.044064,65.481004,79.831266,68.525309,-4.212798,3.044305,5.197640
472,82.119730,64.936084,78.011152,69.236079,-4.108577,4.299995,5.947299
473,80.195396,64.391163,76.366664,69.919378,-3.828731,5.528215,6.724607
474,78.271061,63.846243,74.708285,70.120046,-3.562777,6.273803,7.214845
475,76.346727,63.301322,73.105010,69.578446,-3.241718,6.277124,7.064773
476,74.422393,62.756402,71.490324,68.883970,-2.932069,6.127568,6.792947
477,72.498059,62.211481,69.601119,68.427697,-2.896940,6.216216,6.858105
478,70.573725,61.666561,67.394901,67.990035,-3.178824,6.323474,7.077517
479,68.649391,61.121640,65.048608,67.200576,-3.600783,6.078936,7.065345
480,66.725057,60.576720,63.331385,65.679093,-3.393672,5.102373,6.127905
481,64.800723,60.031799,62.365111,63.660031,-2.435612,3.628232,4.369928
482,62.876389,59.486879,60.719071,61.892626,-2.157317,2.405747,3.231352
483,85.423477,67.950259,81.979306,70.078952,-3.444171,2.128694,4.048907
484,83.499143,67.405338,80.241615,70.498047,-3.257528,3.092709,4.491808
485,81.574809,66.860418,78.480459,71.303712,-3.094350,4.443294,5.414597
486,79.650475,66.315497,76.717127,72.094180,-2.933349,5.778683,6.480564
487,77.726141,65.770577,74.833317,72.311004,-2.892824,6.540427,7.151616
488,75.801807,65.225656,72.888662,71.827978,-2.913145,6.602321,7.216444
489,73.877473,64.680736,70.927750,70.976392,-2.949723,6.295656,6.952420
490,71.953139,64.135815,68.764687,70.221563,-3.188451,6.085748,6.870411
491,70.028805,63.590895,66.283637,69.526890,-3.745168,5.935995,7.018712
492,68.104471,63.045974,63.765958,68.546031,-4.338512,5.500056,7.005234
493,66.180136,62.501054,61.774456,67.162875,-4.405680,4.661821,6.414249
494,64.255802,61.956133,60.938402,65.232047,-3.317400,3.275913,4.662269
495,62.331468,61.411213,59.948762,63.575332,-2.382707,2.164119,3.218804
496,84.878557,69.874593,80.928222,73.127570,-3.950335,3.252978,5.117324
497,82.954223,69.329672,79.523828,73.404334,-3.430394,4.074662,5.326394
498,81.029889,68.784752,78.143325,74.043612,-2.886563,5.258860,5.998988
499,79.105555,68.239831,76.527865,74.408009,-2.577690,6.168177,6.685125
500,77.181221,67.694911,74.671094,74.380577,-2.510127,6.685666,7.141349
501,75.256886,67.149990,72.611922,73.801441,-2.644965,6.651451,7.158047
502,73.332552,66.605070,70.426728,72.736689,-2.905825,6.131619,6.785320
503,71.408218,66.060149,68.012339,71.722409,-3.395879,5.662259,6.602512
504,69.483884,65.515229,65.201435,70.883577,-4.282449,5.368348,6.867207
505,67.559550,64.970308,62.527090,69.841626,-5.032460,4.871318,7.003955
506,65.635216,64.425388,60.373877,68.653811,-5.261339,4.228423,6.749907
507,63.710882,63.880468,59.010389,67.207763,-4.700493,3.327296,5.758952
508,61.786548,63.335547,58.686596,65.452779,-3.099952,2.117231,3.753981
509,84.333636,71.798927,80.212817,76.846550,-4.120819,5.047623,6.516107
510,82.409302,71.254006,78.939314,76.375821,-3.469989,5.121815,6.186583
511,80.484968,70.709086,77.573716,76.623914,-2.911252,5.914828,6.592464
512,78.560634,70.164165,76.027603,76.608239,-2.533031,6.444074,6.924040
513,76.636300,69.619245,74.210065,76.418085,-2.426235,6.798840,7.218784
514,74.711966,69.074324,72.161916,75.669091,-2.550050,6.594767,7.070623
515,72.787632,68.529404,69.915711,74.291929,-2.871921,5.762525,6.438527
516,70.863298,67.984483,67.348045,73.027940,-3.515253,5.043456,6.147638
517,68.938964,67.439563,64.289913,72.158322,-4.649051,4.718759,6.624225
518,67.014630,66.894643,61.484611,71.294333,-5.530018,4.399690,7.066709
519,65.090296,66.349722,59.371576,70.342601,-5.718720,3.992879,6.974729
520,63.165961,65.804802,57.575736,69.527450,-5.590226,3.722649,6.716304
521,61.241627,65.259881,56.563985,68.251463,-4.677642,2.991582,5.552468
522,83.788716,73.723261,80.810570,79.461500,-2.978145,5.738239,6.465040
523,81.864382,73.178340,79.332914,79.115116,-2.531468,5.936775,6.453963
524,79.940048,72.633420,77.742637,78.885199,-2.197410,6.251779,6.626715
525,78.015714,72.088499,75.948038,78.762168,-2.067676,6.673668,6.986639
526,76.091380,71.543579,73.894356,78.462486,-2.197023,6.918907,7.259351
527,74.167045,70.998659,71.679890,77.586359,-2.487155,6.587701,7.041572
528,72.242711,70.453738,69.489550,75.910632,-2.753162,5.456894,6.112086
529,70.318377,69.908818,66.840179,74.346904,-3.478199,4.438086,5.638659
530,68.394043,69.363897,63.527228,73.534205,-4.866816,4.170308,6.409162
531,66.469709,68.818977,60.876051,73.000456,-5.593658,4.181479,6.983823
532,64.545375,68.274056,58.763529,72.352497,-5.781846,4.078440,7.075551
533,62.621041,67.729136,57.045133,71.784040,-5.575908,4.054904,6.894418
534,60.696707,67.184215,55.557407,71.305526,-5.139300,4.121310,6.587686
535,83.243795,75.647595,82.971410,81.519453,-0.272385,5.871858,5.878172
536,81.319461,75.102675,80.836711,81.398499,-0.482750,6.295824,6.314305
537,79.395127,74.557754,78.582124,81.035292,-0.813004,6.477538,6.528359
538,77.470793,74.012834,76.293442,80.768517,-1.177351,6.755684,6.857508
539,75.546459,73.467913,73.854257,80.402478,-1.692202,6.934565,7.138049
540,73.622125,72.922993,71.321877,79.558470,-2.300248,6.635478,7.022870
541,71.697791,72.378072,69.098280,77.851248,-2.599511,5.473176,6.059135
542,69.773457,71.833152,67.163999,76.025773,-2.609458,4.192621,4.938354
543,67.849123,71.288231,64.425792,74.929098,-3.423330,3.640866,4.997509
544,65.924789,70.743311,61.126573,74.800940,-4.798215,4.057629,6.283886
545,64.000455,70.198390,58.791705,74.640646,-5.208750,4.442256,6.845781
546,62.076120,69.653470,57.091649,74.378405,-4.984471,4.724935,6.868039
547,60.151786,69.108549,55.727917,73.967496,-4.423870,4.858947,6.571148
548,82.153954,79.496263,86.727549,83.457276,4.573595,3.961013,6.050404
549,80.229620,78.951343,83.727263,83.432686,3.497642,4.481344,5.684711
550,78.305286,78.406422,80.924766,83.358082,2.619480,4.951660,5.601840
551,76.380952,77.861502,78.181870,83.301491,1.800918,5.439989,5.730339
552,74.456618,77.316581,75.329815,83.139466,0.873197,5.822885,5.887993
553,72.532284,76.771661,72.713793,82.458966,0.181509,5.687305,5.690200
554,70.607950,76.226740,69.417034,81.599085,-1.190916,5.372344,5.502760
555,68.683616,75.681820,67.016111,80.510235,-1.667505,4.828415,5.108245
556,66.759282,75.136899,65.035790,79.207687,-1.723492,4.070787,4.420604
557,64.834948,74.591979,63.177382,78.327873,-1.657566,3.735894,4.087105
558,82.698875,77.571929,85.285266,82.808960,2.586391,5.237031,5.840883
559,80.774541,77.027009,82.359192,82.729783,1.584652,5.702775,5.918848
560,78.850207,76.482088,79.657198,82.435882,0.806991,5.953794,6.008236
561,76.925873,75.937168,77.061547,82.261362,0.135675,6.324194,6.325650
562,75.001539,75.392247,74.349843,82.039417,-0.651695,6.647170,6.679040
563,73.077205,74.847327,71.450057,81.330397,-1.627147,6.483070,6.684146
564,71.152870,74.302406,68.841460,79.954029,-2.311410,5.651623,6.106018
565,69.228536,73.757486,66.783080,78.133700,-2.445457,4.376214,5.013134
566,67.304202,73.212565,64.845929,76.737814,-2.458274,3.525248,4.297730
567,65.379868,72.667645,62.378878,76.244253,-3.000990,3.576608,4.668840
568,63.455534,72.122724,59.882085,76.659706,-3.573449,4.536982,5.775270
569,61.531200,71.577804,58.096922,76.948963,-3.434278,5.371159,6.375235
570,59.606866,71.032883,56.534585,76.687057,-3.072280,5.654174,6.434951
571,113.709343,63.488220,107.067659,61.883332,-6.641684,-1.604888,6.832835
572,111.785009,62.943300,105.046252,62.415329,-6.738757,-0.527971,6.759408
573,109.860675,62.398379,103.263700,63.211935,-6.596975,0.813555,6.646951
574,107.936341,61.853459,101.620635,64.015927,-6.315706,2.162468,6.675658
575,106.012007,61.308538,100.024166,64.668288,-5.987841,3.359749,6.866014
576,104.087673,60.763618,98.338368,64.884049,-5.749305,4.120431,7.073363
577,102.163339,60.218697,96.482968,64.419377,-5.680371,4.200680,7.064866
578,100.239005,59.673777,94.371366,63.670414,-5.867639,3.996637,7.099457
579,98.314671,59.128857,92.100855,62.580751,-6.213815,3.451895,7.108240
580,96.390337,58.583936,89.915630,61.222196,-6.474706,2.638260,6.991584
581,94.466002,58.039016,87.840706,59.814902,-6.625296,1.775886,6.859178
582,92.541668,57.494095,86.126765,58.624140,-6.414904,1.130045,6.513677
583,90.617334,56.949175,84.646084,57.840020,-5.971251,0.890846,6.037337
584,113.164423,65.412554,106.268003,64.035581,-6.896419,-1.376974,7.032543
585,111.240089,64.867634,104.373301,64.705157,-6.866787,-0.162477,6.868709
586,109.315755,64.322713,102.651608,65.620372,-6.664147,1.297659,6.789313
587,107.391421,63.777793,101.053220,66.510079,-6.338200,2.732286,6.902041
588,105.467086,63.232873,99.467087,67.164304,-6.000000,3.931431,7.173294
589,103.542752,62.687952,97.744886,67.132724,-5.797866,4.444771,7.305562
590,101.618418,62.143032,95.955222,66.386391,-5.663197,4.243359,7.076574
591,99.694084,61.598111,93.887161,65.371986,-5.806923,3.773875,6.925496
592,97.769750,61.053191,91.503754,64.141159,-6.265996,3.087969,6.985575
593,95.845416,60.508270,89.281553,62.884460,-6.563863,2.376190,6.980729
594,93.921082,59.963350,87.406774,61.647951,-6.514308,1.684601,6.728602
595,91.996748,59.418429,85.466998,60.675367,-6.529749,1.256938,6.649626
596,90.072414,58.873509,83.420813,60.054323,-6.651601,1.180814,6.755599
597,112.619502,67.336888,105.831529,66.280676,-6.787973,-1.056212,6.869655
598,110.695168,66.791968,104.111583,67.034633,-6.583585,0.242665,6.588056
599,108.770834,66.247048,102.517543,67.991638,-6.253291,1.744591,6.492091
600,106.846500,65.702127,100.937502,68.912735,-5.908998,3.210608,6.724898
601,104.922166,65.157207,99.248869,69.493105,-5.673297,4.335898,7.140470
602,102.997832,64.612286,97.456659,69.352237,-5.541173,4.739950,7.291895
603,101.073498,64.067366,95.746489,68.461661,-5.327009,4.394296,6.905567
604,99.149164,63.522445,93.988939,67.201085,-5.160225,3.678640,6.337217
605,97.224830,62.977525,91.668184,65.799670,-5.556646,2.822145,6.232240
606,95.300496,62.432604,88.796607,64.540560,-6.503889,2.107956,6.836962
607,93.376161,61.887684,86.588033,63.468973,-6.788128,1.581289,6.969875
608,91.451827,61.342763,84.867913,62.654076,-6.583915,1.311313,6.713231
609,89.527493,60.797843,83.077478,62.199590,-6.450015,1.401747,6.600575
610,112.074582,69.261223,106.188209,68.508016,-5.886372,-0.753207,5.934366
611,110.150248,68.716302,104.551787,69.146557,-5.598461,0.430255,5.614970
612,108.225914,68.171382,102.850147,70.104063,-5.375767,1.932681,5.712628
613,106.301580,67.626461,101.040701,71.076627,-5.260879,3.450166,6.291303
614,104.377246,67.081541,99.177790,71.636388,-5.199455,4.554848,6.912378
615,102.452911,66.536620,97.221262,71.490828,-5.231650,4.954208,7.205160
616,100.528577,65.991700,95.376803,70.628685,-5.151774,4.636985,6.931263
617,98.604243,65.446779,93.856169,69.193058,-4.748075,3.746279,6.048042
618,96.679909,64.901859,92.262454,67.516877,-4.417455,2.615018,5.133442
619,94.755575,64.356938,89.751098,66.156583,-5.004477,1.799644,5.318224
620,92.831241,63.812018,86.634106,65.310380,-6.197135,1.498362,6.375702
621,90.906907,63.267097,84.160003,64.693837,-6.746904,1.426740,6.896108
622,88.982573,62.722177,82.239777,64.289333,-6.742796,1.567156,6.922520
623,111.529661,71.185557,106.711184,70.663650,-4.818478,-0.521907,4.846660
624,109.605327,70.640636,104.750875,71.285248,-4.854452,0.644612,4.897063
625,107.680993,70.095716,102.699835,72.312773,-4.981159,2.217057,5.452273
626,105.756659,69.550795,100.760438,73.288851,-4.996221,3.738056,6.239815
627,103.832325,69.005875,98.822691,73.707609,-5.009634,4.701734,6.870425
628,101.907991,68.460954,96.711487,73.439310,-5.196504,4.978355,7.196366
629,99.983657,67.916034,94.656648,72.584396,-5.327009,4.668362,7.083122
630,98.059323,67.371113,93.028276,71.162509,-5.031047,3.791396,6.299692
631,96.134989,66.826193,91.894052,69.487846,-4.240937,2.661653,5.006990
632,94.210655,66.281272,90.389799,67.934260,-3.820856,1.652988,4.163089
633,92.286321,65.736352,87.946528,66.794073,-4.339793,1.057721,4.466831
634,90.361986,65.191431,85.163380,66.449233,-5.198607,1.257801,5.348605
635,88.437652,64.646511,82.644646,66.281453,-5.793006,1.634942,6.019298
636,110.984741,73.109891,105.450051,73.201585,-5.534690,0.091695,5.535449
637,109.060407,72.564970,103.476718,74.094350,-5.583689,1.529380,5.789351
638,107.136073,72.020050,101.746505,75.078599,-5.389568,3.058549,6.196948
639,105.211739,71.475129,100.085176,75.783052,-5.126562,4.307923,6.696256
640,103.287405,70.930209,98.168602,75.748686,-5.118802,4.818478,7.029926
641,101.363070,70.385288,95.968902,75.318054,-5.394168,4.932765,7.309530
642,99.438736,69.840368,93.719017,74.334943,-5.719720,4.494575,7.274366
643,97.514402,69.295447,91.843792,72.888059,-5.670610,3.592612,6.712874
644,95.590068,68.750527,90.535655,71.300825,-5.054413,2.550298,5.661370
645,93.665734,68.205606,89.577698,69.828032,-4.088036,1.622426,4.398216
646,91.741400,67.660686,88.208209,68.727295,-3.533192,1.066609,3.690677
647,89.817066,67.115766,86.223781,68.122431,-3.593285,1.006666,3.731631
648,87.892732,66.570845,83.954005,67.857235,-3.938726,1.286390,4.143473
649,110.439820,75.034225,104.051244,76.207873,-6.388576,1.173648,6.495488
650,108.515486,74.489304,102.574103,77.188648,-5.941384,2.699344,6.525833
651,106.591152,73.944384,101.320886,78.266360,-5.270266,4.321976,6.815804
652,104.666818,73.399463,99.646945,78.316372,-5.019873,4.916908,7.026743
653,102.742484,72.854543,97.721470,77.977555,-5.021014,5.123012,7.173272
654,100.818150,72.309622,95.409113,77.414722,-5.409037,5.105099,7.437723
655,98.893816,71.764702,92.885947,76.164363,-6.007869,4.399661,7.446577
656,96.969482,71.219782,90.676472,74.515192,-6.293009,3.295410,7.103640
657,95.045148,70.674861,88.989688,72.985819,-6.055460,2.310958,6.481444
658,93.120814,70.129941,87.739417,71.661909,-5.381397,1.531968,5.595208
659,91.196480,69.585020,86.761365,70.384658,-4.435115,0.799638,4.506624
660,89.272145,69.040100,85.187902,70.277465,-4.084243,1.237366,4.267566
661,87.347811,68.495179,83.687585,69.915292,-3.660226,1.420113,3.926064
662,109.894900,76.958559,103.896651,79.382982,-5.998249,2.424423,6.469684
663,107.970566,76.413638,103.472849,80.828276,-4.497716,4.414638,6.302260
664,106.046232,75.868718,102.041107,81.111381,-4.005125,5.242663,6.597465
665,104.121898,75.323798,100.394141,80.589120,-3.727757,5.265323,6.451341
666,102.197564,74.778877,98.445572,80.227229,-3.751992,5.448352,6.615284
667,100.273230,74.233957,96.070296,79.750340,-4.202934,5.516384,6.935066
668,98.348895,73.689036,92.785720,78.462649,-5.563175,4.773613,7.330505
669,96.424561,73.144116,89.972568,76.490292,-6.451994,3.346176,7.268089
670,94.500227,72.599195,87.885385,74.921297,-6.614843,2.322102,7.010585
671,92.575893,72.054275,86.242883,73.830526,-6.333010,1.776252,6.577392
672,90.651559,71.509354,84.873807,73.046269,-5.777752,1.536915,5.978673
673,88.727225,70.964434,83.456531,72.967088,-5.270694,2.002654,5.638337
674,86.802891,70.419513,82.217485,72.287326,-4.585406,1.867812,4.951230
675,109.349979,78.882893,106.627420,82.664337,-2.722560,3.781444,4.659576
676,107.425645,78.337973,105.834829,83.535531,-1.590816,5.197559,5.435560
677,105.501311,77.793052,104.329285,82.859160,-1.172026,5.066108,5.199913
678,103.576977,77.248132,102.564199,82.650908,-1.012778,5.402776,5.496882
679,101.652643,76.703211,100.449842,82.135865,-1.202801,5.432654,5.564213
680,99.728309,76.158291,98.189091,81.586176,-1.539218,5.427885,5.641908
681,97.803975,75.613370,95.293946,80.977715,-2.510029,5.364345,5.922537
682,95.879641,75.068450,90.412293,78.876705,-5.467348,3.808256,6.662935
683,93.955307,74.523529,87.575565,77.279451,-6.379742,2.755922,6.949547
684,92.030973,73.978609,85.616740,76.439653,-6.414232,2.461044,6.870161
685,90.106639,73.433688,84.035310,76.110317,-6.071328,2.676628,6.635161
686,88.182305,72.888768,82.643280,76.054568,-5.539024,3.165800,6.379897
687,86.257970,72.343847,81.383596,76.316365,-4.874375,3.972517,6.288118
688,108.805059,80.807227,109.992626,84.919367,1.187567,4.112140,4.280188
689,106.880725,80.262307,108.776832,84.172788,1.896107,3.910482,4.345928
690,104.956391,79.717386,107.486980,84.545379,2.530589,4.827993,5.450999
691,103.032057,79.172466,105.901670,84.873956,2.869614,5.701490,6.382921
692,101.107723,78.627545,103.317607,83.945810,2.209884,5.318265,5.759125
693,99.183389,78.082625,100.746749,83.268175,1.563360,5.185550,5.416089
694,97.259055,77.537704,98.240510,82.818688,0.981456,5.280984,5.371410
695,95.334720,76.992784,94.009038,81.263526,-1.325683,4.270742,4.471764
696,93.410386,76.447863,88.758165,79.761027,-4.652221,3.313164,5.711411
697,91.486052,75.902943,86.561622,79.356012,-4.924431,3.453070,6.014458
698,89.561718,75.358022,84.928766,79.179233,-4.632952,3.821211,6.005489
699,87.637384,74.813102,83.537793,79.317602,-4.099591,4.504500,6.090745
700,85.713050,74.268181,82.236026,79.681306,-3.477024,5.413124,6.433632
701,108.260139,82.731561,112.609365,87.142929,4.349227,4.411368,6.194832
702,106.335804,82.186641,111.140885,86.833343,4.805081,4.646703,6.684358
703,104.411470,81.641720,109.378692,86.500813,4.967221,4.859093,6.948674
704,102.487136,81.096800,107.639115,86.234644,5.151978,5.137845,7.276010
705,100.562802,80.551879,104.495931,84.851346,3.933129,4.299466,5.827085
706,98.638468,80.006959,102.006973,84.051704,3.368505,4.044745,5.263723
707,96.714134,79.462038,99.590732,83.709882,2.876598,4.247844,5.130204
708,94.789800,78.917118,96.868560,82.611104,2.078760,3.693987,4.238724
709,92.865466,78.372197,92.742940,81.200860,-0.122526,2.828663,2.831315
710,90.941132,77.827277,90.627462,80.958521,-0.313670,3.131244,3.146916
711,89.016798,77.282356,88.317987,81.179497,-0.698811,3.897140,3.959298
712,87.092464,76.737436,86.483365,81.343992,-0.609098,4.606556,4.646650
713,85.168130,76.192515,84.722996,81.439600,-0.445133,5.247084,5.265932
714,101.397295,84.945468,101.785758,85.359106,0.388462,0.413638,0.567450
715,99.472961,84.400547,99.963216,85.001709,0.490254,0.601162,0.775722
716,97.548627,83.855627,98.389111,84.865202,0.840484,1.009575,1.313642
717,95.624293,83.310707,97.009343,84.842048,1.385050,1.531342,2.064793
718,93.699959,82.765786,95.823470,84.782457,2.123511,2.016671,2.928525
719,91.775625,82.220866,95.145643,84.705708,3.370018,2.484843,4.187059
720,89.851291,81.675945,94.440583,84.621964,4.589293,2.946019,5.453498
721,107.715218,84.655895,111.436043,88.249656,3.720825,3.593760,5.172973
722,105.790884,84.110975,108.882217,87.280867,3.091333,3.169892,4.427703
723,103.866550,83.566054,106.108958,86.346163,2.242408,2.780109,3.571751
724,101.942216,83.021134,104.406791,85.837356,2.464576,2.816222,3.742357
725,100.017882,82.476213,103.412826,85.559251,3.394945,3.083038,4.585932
726,98.093548,81.931293,101.649330,85.306867,3.555782,3.375575,4.902865
727,96.169214,81.386372,100.616316,85.066708,4.447102,3.680335,5.772486
728,94.244879,80.841452,98.376723,84.268401,4.131844,3.426949,5.368064
729,92.320545,80.296531,96.258279,83.454306,3.937733,3.157774,5.047503
730,90.396211,79.751611,94.836190,82.779942,4.439979,3.028331,5.374402
731,88.471877,79.206691,92.048234,82.181109,3.576357,2.974418,4.651612
732,86.547543,78.661770,90.052674,82.269718,3.505130,3.607948,5.030232
733,84.623209,78.116850,87.898731,82.602003,3.275522,4.485154,5.553886
734,138.725686,70.572187,135.332662,69.482437,-3.393024,-1.089750,3.563730
735,136.801352,70.027266,133.061723,69.779278,-3.739630,-0.247988,3.747843
736,134.877018,69.482346,130.066806,70.578661,-4.810213,1.096315,4.933564
737,132.952684,68.937425,127.297000,71.264005,-5.655684,2.326580,6.115533
738,131.028350,68.392505,125.043100,71.424528,-5.985250,3.032024,6.709425
739,129.104016,67.847584,122.800342,70.995269,-6.303674,3.147685,7.045866
740,127.179682,67.302664,120.503193,69.905031,-6.676489,2.602367,7.165739
741,125.255348,66.757743,118.422822,68.172436,-6.832525,1.414693,6.977447
742,123.331014,66.212823,116.738934,66.174826,-6.592080,-0.037997,6.592189
743,121.406680,65.667902,115.213574,64.411912,-6.193105,-1.255990,6.319182
744,119.482346,65.122982,113.389163,63.133998,-6.093183,-1.988984,6.409597
745,117.558011,64.578061,111.424710,62.316732,-6.133301,-2.261329,6.536895
746,115.633677,64.033141,109.195355,61.901136,-6.438322,-2.132005,6.782141
747,138.180766,72.496521,134.324183,71.217069,-3.856583,-1.279452,4.063278
748,136.256432,71.951600,131.552498,71.457622,-4.703934,-0.493978,4.729800
749,134.332098,71.406680,128.663377,72.235094,-5.668721,0.828414,5.728932
750,132.407764,70.861759,126.274536,72.886338,-6.133227,2.024579,6.458746
751,130.483430,70.316839,124.156679,73.023971,-6.326751,2.707132,6.881594
752,128.559096,69.771918,121.975746,72.558384,-6.583350,2.786466,7.148768
753,126.634761,69.226998,119.787202,71.479602,-6.847560,2.252604,7.208557
754,124.710427,68.682077,117.681664,69.797099,-7.028763,1.115022,7.116655
755,122.786093,68.137157,115.816727,67.833476,-6.969366,-0.303680,6.975979
756,120.861759,67.592236,114.096788,66.112266,-6.764971,-1.479970,6.924965
757,118.937425,67.047316,112.284705,64.874348,-6.652720,-2.172968,6.998605
758,117.013091,66.502395,110.331029,64.099297,-6.682062,-2.403099,7.101045
759,115.088757,65.957475,108.287204,63.866748,-6.801553,-2.090727,7.115635
760,137.635845,74.420855,132.195473,72.862322,-5.440372,-1.558533,5.659212
761,135.711511,73.875934,129.635570,73.410633,-6.075941,-0.465301,6.093732
762,133.787177,73.331014,127.350053,74.125053,-6.437125,0.794039,6.485913
763,131.862843,72.786093,125.253815,74.668399,-6.609028,1.882305,6.871851
764,129.938509,72.241173,123.242652,74.759296,-6.695857,2.518124,7.153702
765,128.014175,71.696252,121.244379,74.258836,-6.769796,2.562584,7.238575
766,126.089841,71.151332,119.305359,73.199121,-6.784482,2.047789,7.086793
767,124.165507,70.606411,117.369171,71.612002,-6.796335,1.005591,6.870327
768,122.241173,70.061491,115.343240,69.718118,-6.897932,-0.343373,6.906474
769,120.316839,69.516570,113.472105,68.050969,-6.844734,-1.465602,6.999883
770,118.392505,68.971650,111.673577,66.853068,-6.718927,-2.118582,7.045025
771,116.468171,68.426729,109.744757,66.139842,-6.723413,-2.286887,7.101700
772,114.543836,67.881809,107.736918,65.963080,-6.806919,-1.918729,7.072175
773,137.090925,76.345189,130.578216,74.702271,-6.512709,-1.642917,6.716737
774,135.166591,75.800268,128.422541,75.360401,-6.744050,-0.439867,6.758380
775,133.242257,75.255348,126.384875,76.076536,-6.857381,0.821188,6.906376
776,131.317923,74.710427,124.417218,76.574659,-6.900705,1.864231,7.148083
777,129.393589,74.165507,122.464128,76.626702,-6.929461,2.461195,7.353565
778,127.469255,73.620586,120.553387,76.084989,-6.915867,2.464402,7.341832
779,125.544920,73.075666,118.768158,75.023255,-6.776762,1.947590,7.051072
780,123.620586,72.530745,117.086109,73.517452,-6.534477,0.986707,6.608553
781,121.696252,71.985825,115.267629,71.770044,-6.428624,-0.215781,6.432244
782,119.771918,71.440904,113.282300,70.188112,-6.489618,-1.252792,6.609435
783,117.847584,70.895984,111.365055,69.046439,-6.482529,-1.849545,6.741216
784,115.923250,70.351064,109.561321,68.387753,-6.361929,-1.963310,6.657982
785,113.998916,69.806143,107.843037,68.225125,-6.155879,-1.581018,6.355663
786,136.546005,78.269523,129.889396,76.564103,-6.656608,-1.705420,6.871600
787,134.621670,77.724602,127.899023,77.238389,-6.722647,-0.486213,6.740207
788,132.697336,77.179682,125.918303,77.966894,-6.779033,0.787212,6.824587
789,130.773002,76.634761,123.924933,78.491688,-6.848070,1.856927,7.095367
790,128.848668,76.089841,121.919502,78.568556,-6.929166,2.478715,7.359169
791,126.924334,75.544920,119.945086,78.063594,-6.979248,2.518673,7.419812
792,125.000000,75.000000,118.121399,77.006895,-6.878601,2.006895,7.165388
793,123.075666,74.455080,116.527641,75.526583,-6.548025,1.071503,6.635115
794,121.151332,73.910159,115.014370,73.896616,-6.136962,-0.013543,6.136977
795,119.226998,73.365239,113.372200,72.489322,-5.854798,-0.875917,5.919957
796,117.302664,72.820318,111.694075,71.496203,-5.608589,-1.324115,5.762772
797,115.378330,72.275398,110.087619,70.843605,-5.290711,-1.431792,5.481026
798,113.453995,71.730477,108.471382,70.555343,-4.982614,-1.175134,5.119314
799,136.001084,80.193857,129.754234,78.442558,-6.246850,-1.751299,6.487695
800,134.076750,79.648936,127.802359,79.063575,-6.274391,-0.585361,6.301637
801,132.152416,79.104016,125.729193,79.804466,-6.423223,0.700450,6.461302
802,130.228082,78.559096,123.615960,80.376160,-6.612122,1.817064,6.857250
803,128.303748,78.014175,121.554444,80.566392,-6.749304,2.552217,7.215741
804,126.379414,77.469255,119.455873,80.175802,-6.923541,2.706548,7.433762
805,124.455080,76.924334,117.416104,79.131446,-7.038976,2.207111,7.376891
806,122.530745,76.379414,115.635680,77.584740,-6.895065,1.205326,6.999624
807,120.606411,75.834493,114.134201,75.916357,-6.472211,0.081864,6.472728
808,118.682077,75.289573,112.674172,74.522238,-6.007906,-0.767335,6.056710
809,116.757743,74.744652,111.084525,73.520292,-5.673218,-1.224360,5.803831
810,114.833409,74.199732,109.362014,72.917650,-5.471395,-1.282082,5.619599
811,112.909075,73.654811,107.480357,72.794251,-5.428718,-0.860560,5.496502
812,135.456164,82.118191,129.799612,80.313578,-5.656552,-1.804613,5.937441
813,133.531829,81.573271,127.614710,80.895252,-5.917120,-0.678019,5.955839
814,131.607495,81.028350,125.269965,81.660263,-6.337530,0.631913,6.368957
815,129.683161,80.483430,123.163688,82.305533,-6.519474,1.822103,6.769313
816,127.758827,79.938509,121.212436,82.733567,-6.546392,2.795057,7.118117
817,125.834493,79.393589,119.121645,82.503829,-6.712848,3.110240,7.398373
818,123.910159,78.848668,116.949474,81.524078,-6.960685,2.675409,7.457141
819,121.985825,78.303748,114.871662,79.876608,-7.114163,1.572860,7.285959
820,120.061491,77.758827,113.046980,78.016160,-7.014511,0.257333,7.019230
821,118.137157,77.213907,111.379540,76.500684,-6.757617,-0.713223,6.795151
822,116.212823,76.668986,109.632084,75.498390,-6.580738,-1.170596,6.684042
823,114.288489,76.124066,107.737620,75.124663,-6.550868,-0.999402,6.626665
824,112.364155,75.579145,105.790795,75.420678,-6.573360,-0.158467,6.575270
825,134.911243,84.042525,129.230528,82.146225,-5.680716,-1.896300,5.988863
826,132.986909,83.497605,126.733362,82.790516,-6.253547,-0.707088,6.293395
827,131.062575,82.952684,124.522091,83.701201,-6.540484,0.748516,6.583176
828,129.138241,82.407764,122.691755,84.614607,-6.446486,2.206844,6.813761
829,127.213907,81.862843,121.050744,85.435000,-6.163163,3.572157,7.123544
830,125.289573,81.317923,119.171190,85.217430,-6.118383,3.899507,7.255396
831,123.365239,80.773002,117.096034,84.417225,-6.269205,3.644223,7.251434
832,121.440904,80.228082,114.820092,82.750923,-6.620812,2.522841,7.085188
833,119.516570,79.683161,112.608297,80.705408,-6.908274,1.022247,6.983497
834,117.592236,79.138241,110.611487,79.024457,-6.980749,-0.113784,6.981676
835,115.667902,78.593320,108.725772,77.984197,-6.942130,-0.609123,6.968802
836,113.743568,78.048400,106.841377,77.760305,-6.902191,-0.288095,6.908201
837,111.819234,77.503479,105.183680,78.372698,-6.635554,0.869218,6.692243
838,134.366323,85.966859,128.047924,83.988532,-6.318398,-1.978328,6.620871
839,132.441989,85.421939,125.759591,85.004171,-6.682397,-0.417767,6.695444
840,130.517654,84.877018,123.975851,86.255779,-6.541803,1.378760,6.685519
841,128.593320,84.332098,122.845901,87.595653,-5.747420,3.263555,6.609359
842,126.668986,83.787177,121.889196,88.675686,-4.779790,4.888509,6.836952
843,124.744652,83.242257,120.304018,87.903577,-4.440634,4.661320,6.437945
844,122.820318,82.697336,118.632709,87.426891,-4.187609,4.729554,6.317021
845,120.895984,82.152416,116.753056,86.428241,-4.142928,4.275825,5.953699
846,118.971650,81.607495,114.126356,84.521333,-4.845294,2.913838,5.653965
847,117.047316,81.062575,110.968243,82.323472,-6.079073,1.260897,6.208461
848,115.122982,80.517654,109.029450,81.343366,-6.093531,0.825712,6.149221
849,113.198648,79.972734,107.437988,80.845431,-5.760660,0.872697,5.826388
850,111.274314,79.427813,105.928025,81.220756,-5.346289,1.792943,5.638923
851,133.821402,87.891193,127.195031,86.080625,-6.626371,-1.810569,6.869276
852,131.897068,87.346273,125.414327,87.609657,-6.482741,0.263384,6.488089
853,129.972734,86.801352,124.430693,89.281479,-5.542041,2.480127,6.071676
854,128.048400,86.256432,125.169973,91.185304,-2.878427,4.928872,5.707812
855,126.124066,85.711511,123.764670,91.287788,-2.359396,5.576277,6.054884
856,124.199732,85.166591,122.390259,90.498239,-1.809473,5.331648,5.630334
857,122.275398,84.621670,120.851542,89.974793,-1.423856,5.353122,5.539249
858,120.351064,84.076750,119.227169,89.314805,-1.123895,5.238055,5.357272
859,118.426729,83.531829,117.432792,88.354671,-0.993938,4.822842,4.924197
860,116.502395,82.986909,115.425154,86.886867,-1.077241,3.899958,4.046000
861,114.578061,82.441989,113.678609,85.907040,-0.899452,3.465052,3.579888
862,112.653727,81.897068,112.304427,84.979132,-0.349300,3.082064,3.101795
863,110.729393,81.352148,111.110951,84.270675,0.381558,2.918527,2.943363
864,133.276482,89.815527,127.021883,88.409174,-6.254598,-1.406353,6.410759
865,131.352148,89.270607,126.380616,90.453193,-4.971532,1.182586,5.110248
866,129.427813,88.725686,127.607292,92.318429,-1.820521,3.592742,4.027666
867,127.503479,88.180766,128.748573,93.454625,1.245093,5.273859,5.418841
868,125.579145,87.635845,126.453678,93.291853,0.874533,5.656007,5.723218
869,123.654811,87.090925,124.882559,92.986509,1.227748,5.895584,6.022065
870,121.730477,86.546005,123.114517,92.541669,1.384040,5.995665,6.153338
871,119.806143,86.001084,121.415514,91.755918,1.609371,5.754834,5.975633
872,117.881809,85.456164,119.916185,90.812152,2.034376,5.355989,5.729337
873,115.957475,84.911243,118.144719,90.031442,2.187245,5.120199,5.567807
874,114.033141,84.366323,116.583243,89.327847,2.550102,4.961524,5.578507
875,112.108807,83.821402,115.387244,88.541405,3.278438,4.720003,5.746876
876,110.184473,83.276482,114.045238,87.651568,3.860766,4.375087,5.834972
877,132.186641,93.664196,130.138420,89.125024,-2.048221,-4.539172,4.979888
878,130.262307,93.119275,130.817478,90.763701,0.555171,-2.355574,2.420113
879,128.337973,92.574355,133.643279,92.274108,5.305306,-0.300246,5.313796
880,126.413638,92.029434,133.126395,95.385821,6.712756,3.356387,7.505093
881,124.489304,91.484514,128.564640,95.976861,4.075336,4.492347,6.065438
882,122.564970,90.939593,124.312596,94.378660,1.747626,3.439067,3.857639
883,120.640636,90.394673,121.726606,93.146769,1.085970,2.752097,2.958609
884,118.716302,89.849752,119.577779,92.124485,0.861477,2.274732,2.432396
885,116.791968,89.304832,117.530965,91.069606,0.738997,1.764774,1.913255
886,114.867634,88.759911,115.465900,90.104862,0.598266,1.344951,1.472011
887,132.731561,91.739861,127.909227,90.762255,-4.822335,-0.977607,4.920429
888,130.807227,91.194941,130.894496,92.391411,0.087269,1.196470,1.199649
889,128.882893,90.650021,129.314149,91.495204,0.431256,0.845183,0.948850
890,126.958559,90.105100,131.668053,94.006294,4.709494,3.901194,6.115444
891,125.034225,89.560180,129.536732,94.805708,4.502507,5.245529,6.912897
892,123.109891,89.015259,127.060068,95.244865,3.950177,6.229606,7.376441
893,121.185557,88.470339,123.716887,94.104300,2.531330,5.633961,6.176500
894,119.261223,87.925418,121.352300,93.067067,2.091078,5.141649,5.550600
895,117.336888,87.380498,119.274162,92.001037,1.937274,4.620540,5.010231
896,115.412554,86.835577,118.247313,91.381728,2.834758,4.546150,5.357550
897,113.488220,86.290657,116.360512,90.508243,2.872291,4.217586,5.102753
898,111.563886,85.745736,113.950331,89.303897,2.386444,3.558161,4.284347
899,109.639552,85.200816,112.985873,88.948602,3.346321,3.747786,5.024317
