month,candidates,P_low,P_high,new_count,res_total,com_total
0,0,0.0,0.0,0,0,0
1,244,0.0,0.4252835843847286,20,0,20
2,116,0.0,0.0,20,0,40
3,1,0.0,0.0,1,0,41
4,0,0.0,0.0,0,0,41
5,0,0.0,0.0,0,0,41
6,0,0.0,0.0,0,1,40
7,0,0.0,0.0,0,1,40
8,0,0.0,0.0,0,1,40
9,0,0.0,0.0,0,0,41
10,0,0.0,0.0,0,0,41
11,0,0.0,0.0,0,0,41
12,0,0.0,0.0,0,0,41
13,0,0.0,0.0,0,0,41
14,0,0.0,0.0,0,0,41
15,0,0.0,0.0,0,0,41
16,0,0.0,0.0,0,0,41
17,0,0.0,0.0,0,0,41
18,0,0.0,0.0,0,0,41
19,0,0.0,0.0,0,0,41
20,0,0.0,0.0,0,0,41
21,0,0.0,0.0,0,0,41
22,0,0.0,0.0,0,0,41
23,0,0.0,0.0,0,0,41
24,0,0.0,0.0,0,0,41
25,0,0.0,0.0,0,0,41
26,0,0.0,0.0,0,0,41
27,0,0.0,0.0,0,0,41
28,0,0.0,0.0,0,0,41
29,0,0.0,0.0,0,0,41
30,0,0.0,0.0,0,0,41
31,0,0.0,0.0,0,0,41
32,0,0.0,0.0,0,0,41
33,0,0.0,0.0,0,0,41
34,0,0.0,0.0,0,0,41
35,0,0.0,0.0,0,0,41
36,0,0.0,0.0,0,0,41
37,0,0.0,0.0,0,0,41
38,0,0.0,0.0,0,0,41
39,0,0.0,0.0,0,0,41
40,0,0.0,0.0,0,0,41
41,0,0.0,0.0,0,0,41
42,0,0.0,0.0,0,0,41
43,0,0.0,0.0,0,0,41
44,0,0.0,0.0,0,0,41
45,0,0.0,0.0,0,0,41
46,0,0.0,0.0,0,0,41
47,0,0.0,0.0,0,0,41
0,5,0.6965087354348776,0.9131753857093524,5,3,2
1,120,0.0,0.6088238311669553,20,3,22
2,214,0.0,0.3250165641943471,20,3,42
3,149,0.0,0.0663033108037224,20,3,62
4,32,0.0,0.056909450701781945,18,10,73
5,1,0.0,0.0,1,8,76
6,277,0.0,0.18327415808134642,20,8,96
7,257,0.06519871411584736,0.3062938192576029,20,8,116
8,237,0.06968703212915085,0.3169340827319412,20,9,135
9,217,0.07019694461500087,0.30731685312946255,20,9,155
10,197,0.07848665661579947,0.29663722202258075,20,9,175
11,177,0.0838012731689611,0.2898388234757365,20,9,195
12,157,0.0790723640214992,0.2678244594674119,20,9,215
13,137,0.07558322366864684,0.22509421605462895,20,9,235
14,117,0.07019738980298357,0.18881966053271226,20,9,255
15,97,0.06692592191437462,0.14230483216288065,20,9,275
16,77,0.05986932229750305,0.1275639936810694,20,9,295
17,57,0.04919795859057121,0.0906192796928155,17,9,312
18,40,0.050144089172161226,0.0795994057830675,12,9,324
19,28,0.04763880634326091,0.06393626632737803,11,10,334
20,17,0.04442048337705293,0.0590104830180098,10,15,339
21,7,0.05419859932472997,0.0612203737563939,4,17,341
22,3,0.06204065368379136,0.06476136067071592,3,18,343
23,0,0.0,0.0,0,3,358
24,0,0.0,0.0,0,1,360
25,0,0.0,0.0,0,0,361
26,0,0.0,0.0,0,2,357
27,0,0.0,0.0,0,2,357
28,0,0.0,0.0,0,2,357
29,0,0.0,0.0,0,0,359
30,0,0.0,0.0,0,0,359
31,0,0.0,0.0,0,0,359
32,0,0.0,0.0,0,0,359
33,0,0.0,0.0,0,0,359
34,0,0.0,0.0,0,0,359
35,0,0.0,0.0,0,0,359
36,0,0.0,0.0,0,0,359
37,0,0.0,0.0,0,0,359
38,0,0.0,0.0,0,0,359
39,0,0.0,0.0,0,0,359
40,0,0.0,0.0,0,0,359
41,0,0.0,0.0,0,0,359
42,0,0.0,0.0,0,0,359
43,0,0.0,0.0,0,0,359
44,0,0.0,0.0,0,0,359
45,0,0.0,0.0,0,0,359
46,0,0.0,0.0,0,0,359
47,0,0.0,0.0,0,0,359
0,5,0.6965087354348776,0.9131753857093524,5,3,2
1,120,0.0,0.6088238311669553,20,13,12
2,216,0.0,0.3310530906489281,20,23,22
3,139,0.0,0.0948606741418717,20,33,32
4,24,0.0,0.08348341920602008,17,42,40
5,1,0.0,0.0,1,40,43
6,278,0.0,0.3159118089018194,20,50,53
7,258,0.121915022071246,0.4031299838593191,20,59,64
8,238,0.16632286741280877,0.4360401119716864,20,73,70
9,218,0.2012649660871199,0.4564354671976262,20,83,80
10,198,0.24117929758713014,0.4791448745361082,20,91,92
11,178,0.2882740396871403,0.5111293741673211,20,101,102
12,158,0.32228163502900703,0.5251071457501094,20,110,113
13,138,0.345625543133323,0.5326708835522836,20,120,123
14,118,0.38088557583569266,0.5152220899307142,20,128,135
15,98,0.4024222469166231,0.5143065757264882,20,138,145
16,78,0.4176160159975034,0.5213497634980914,20,148,155
17,58,0.4544648489354328,0.51950270341633,20,158,165
18,38,0.4687317007310198,0.5223295789629276,20,168,175
19,18,0.49113858350961476,0.5171747335739799,12,174,181
20,6,0.5077812073642117,0.5164696575936527,4,176,183
21,2,0.5155127102914345,0.5155127102914345,2,176,185
22,0,0.0,0.0,0,158,203
23,0,0.0,0.0,0,141,220
24,0,0.0,0.0,0,125,236
25,0,0.0,0.0,0,109,252
26,0,0.0,0.0,0,97,264
27,0,0.0,0.0,0,81,280
28,0,0.0,0.0,0,65,296
29,0,0.0,0.0,0,48,312
30,0,0.0,0.0,0,32,328
31,0,0.0,0.0,0,16,344
32,0,0.0,0.0,0,0,360
33,0,0.0,0.0,0,0,360
34,0,0.0,0.0,0,0,360
35,0,0.0,0.0,0,0,360
36,0,0.0,0.0,0,0,360
37,0,0.0,0.0,0,0,360
38,0,0.0,0.0,0,0,360
39,0,0.0,0.0,0,0,360
40,0,0.0,0.0,0,0,360
41,0,0.0,0.0,0,0,360
42,0,0.0,0.0,0,0,360
43,0,0.0,0.0,0,0,360
44,0,0.0,0.0,0,0,360
45,0,0.0,0.0,0,0,360
46,0,0.0,0.0,0,0,360
47,0,0.0,0.0,0,0,360
0,5,0.6965087354348776,0.9131753857093524,5,3,2
1,44,0.0,0.6210524513960396,20,13,12
2,98,0.0,0.5603535308737378,20,23,22
3,138,0.0,0.4157552906273518,20,33,32
4,132,0.0,0.3507037093975356,20,42,43
5,107,0.0,0.20575868177660883,20,51,54
6,71,0.0,0.0853494959478508,20,61,64
7,23,0.0,0.1209355003652143,17,67,75
8,7,0.07395182601088171,0.09743055696157214,4,64,82
9,215,0.13844327990833777,0.4604672583359941,20,70,96
10,195,0.1775584009069168,0.48382555344618716,20,79,107
11,175,0.22848477598218214,0.5176237947280853,20,94,112
12,155,0.2722044516496484,0.5291472506462467,20,103,123
13,135,0.31310202763927025,0.5364228180808003,20,113,133
14,115,0.35415419617707217,0.5206031944539374,20,123,143
15,95,0.3840941516300634,0.5180180233590099,20,134,152
16,75,0.41482681227858337,0.5219880185675413,20,146,160
17,55,0.45501614624122066,0.5196263982221843,20,159,167
18,35,0.46891584700929395,0.522941365251881,20,169,177
19,15,0.49208557102709716,0.5187608974475061,10,174,182
20,5,0.5112564985258228,0.5251580188929283,5,178,183
21,0,0.0,0.0,0,161,200
22,0,0.0,0.0,0,144,217
23,0,0.0,0.0,0,118,233
24,0,0.0,0.0,0,102,249
25,0,0.0,0.0,0,86,265
26,0,0.0,0.0,0,74,277
27,0,0.0,0.0,0,58,293
28,0,0.0,0.0,0,42,309
29,0,0.0,0.0,0,26,325
30,0,0.0,0.0,0,10,341
31,0,0.0,0.0,0,0,351
32,0,0.0,0.0,0,0,351
33,0,0.0,0.0,0,0,351
34,0,0.0,0.0,0,0,351
35,0,0.0,0.0,0,0,351
36,0,0.0,0.0,0,0,351
37,0,0.0,0.0,0,0,351
38,0,0.0,0.0,0,0,351
39,0,0.0,0.0,0,0,351
40,0,0.0,0.0,0,0,351
41,0,0.0,0.0,0,0,351
42,0,0.0,0.0,0,0,351
43,0,0.0,0.0,0,0,351
44,0,0.0,0.0,0,0,351
45,0,0.0,0.0,0,0,351
46,0,0.0,0.0,0,0,351
47,0,0.0,0.0,0,0,351
0,5,0.6965087354348776,0.9131753857093524,5,3,2
1,44,0.0,0.6210524513960396,20,13,12
2,98,0.0,0.5603535308737378,20,23,22
3,138,0.0,0.4157552906273518,20,33,32
4,132,0.0,0.3507037093975356,20,42,43
5,107,0.0,0.20575868177660883,20,51,54
6,71,0.0,0.0853494959478508,20,61,64
7,23,0.0,0.1209355003652143,17,67,75
8,7,0.07395182601088171,0.09743055696157214,4,64,82
9,215,0.13844327990833777,0.4604672583359941,20,70,96
10,195,0.1775584009069168,0.48382555344618716,20,79,107
11,175,0.22848477598218214,0.5176237947280853,20,94,112
12,155,0.2722044516496484,0.5291472506462467,20,103,123
13,135,0.31310202763927025,0.5364228180808003,20,113,133
14,115,0.35415419617707217,0.5206031944539374,20,123,143
15,95,0.3840941516300634,0.5180180233590099,20,134,152
16,75,0.41482681227858337,0.5219880185675413,20,146,160
17,55,0.45501614624122066,0.5196263982221843,20,159,167
18,35,0.46891584700929395,0.522941365251881,20,169,177
19,15,0.49208557102709716,0.5187608974475061,10,174,182
20,5,0.5112564985258228,0.5251580188929283,5,178,183
21,0,0.0,0.0,0,161,200
22,0,0.0,0.0,0,144,217
23,0,0.0,0.0,0,118,233
24,0,0.0,0.0,0,102,249
25,0,0.0,0.0,0,86,265
26,0,0.0,0.0,0,74,277
27,0,0.0,0.0,0,58,293
28,0,0.0,0.0,0,42,309
29,0,0.0,0.0,0,26,325
30,0,0.0,0.0,0,10,341
31,0,0.0,0.0,0,0,351
32,0,0.0,0.0,0,0,351
33,0,0.0,0.0,0,0,351
34,0,0.0,0.0,0,0,351
35,0,0.0,0.0,0,0,351
36,0,0.0,0.0,0,0,351
37,0,0.0,0.0,0,0,351
38,0,0.0,0.0,0,0,351
39,0,0.0,0.0,0,0,351
40,0,0.0,0.0,0,0,351
41,0,0.0,0.0,0,0,351
42,0,0.0,0.0,0,0,351
43,0,0.0,0.0,0,0,351
44,0,0.0,0.0,0,0,351
45,0,0.0,0.0,0,0,351
46,0,0.0,0.0,0,0,351
47,0,0.0,0.0,0,0,351
0,5,0.6965087354348776,0.9131753857093524,5,3,2
1,3,0.3726314708376237,0.7515149724026108,2,4,3
2,5,0.6248717823634586,0.6824368051399107,5,7,5
3,3,0.34009872120980583,0.7059121623443849,2,8,6
4,7,0.46472218914144775,0.685758352564421,4,10,8
5,7,0.4627227010119111,0.5897352048554242,4,11,11
6,5,0.5835159121239376,0.6746267382569187,5,13,14
7,7,0.5358190021520984,0.8393659187499356,5,15,17
8,8,0.5926357926293564,0.6921582704527206,6,18,20
9,9,0.592113586948172,0.6386019466952122,6,20,24
10,13,0.6481144416950606,0.6878703321994722,8,22,30
11,11,0.7306177515656931,0.7610604455718197,8,24,36
12,11,0.7272253593567531,0.7517505378933852,8,26,42
13,12,0.7103099166418201,0.7271704853232827,8,28,48
14,12,0.7031094595890239,0.7197884400318195,8,29,55
15,19,0.6748135693374502,0.6887806163353081,12,32,64
16,12,0.668923987949576,0.6857704119968476,9,32,73
17,15,0.6405945830264874,0.6520438647125854,10,33,82
18,13,0.61951613158544,0.6560340574062049,8,33,90
19,17,0.6004396723671545,0.6286629745130512,10,32,100
20,14,0.5936768058480728,0.6151448756455167,8,29,109
21,19,0.5636064377241031,0.6090553152790833,12,17,121
22,18,0.5425056374262045,0.5754887180805612,12,8,133
23,11,0.529897884617649,0.5604513666020418,9,12,138
24,9,0.5166979439595597,0.5645779608362057,6,14,142
25,14,0.4907779744418147,0.5235752413272716,8,11,152
26,15,0.4829400713467692,0.5071685065273436,10,8,162
27,18,0.45853132701653776,0.5033480643201738,12,8,170
28,13,0.4410448144949869,0.46984397537938655,8,9,176
29,11,0.43450021458363197,0.45690460528966875,9,13,181
30,8,0.40910248320578957,0.45140147830585003,6,3,189
31,10,0.39110692095851507,0.40586692762257665,6,6,192
32,11,0.38119381295515187,0.3975562412575398,9,11,196
33,9,0.36010585971531694,0.3643928147180731,6,10,202
34,10,0.35130502390430074,0.36036981949882096,6,10,208
35,10,0.3353147012229658,0.3592209355922069,7,6,217
36,7,0.32569958010585454,0.3408220838651379,5,2,222
37,7,0.3042701418197706,0.3113704070079928,5,5,224
38,7,0.2966077864915592,0.3001243932606308,4,7,226
39,12,0.2762326562669874,0.2806669256610228,8,7,232
40,8,0.2726972018779804,0.2824241788488387,7,8,238
41,5,0.2547823658176945,0.2619803503898436,5,9,242
42,4,0.24396386962678254,0.2468992560583125,2,1,246
43,6,0.23585885535972084,0.2434557522084585,4,2,249
44,5,0.22704851692789424,0.2392887425851012,4,4,251
45,8,0.20861117663341447,0.21121649555858932,7,7,255
46,6,0.19703063294939807,0.20371574492233685,4,6,259
47,6,0.19133645679718458,0.19656049746651977,4,7,262
0,5,0.6965087354348776,0.9131753857093524,5,3,2
1,3,0.3726314708376237,0.7515149724026108,2,4,3
2,5,0.6248717823634586,0.6824368051399107,5,7,5
3,3,0.34009872120980583,0.7059121623443849,2,8,6
4,7,0.46472218914144775,0.685758352564421,4,10,8
5,7,0.4627227010119111,0.5897352048554242,4,11,11
6,5,0.5835159121239376,0.6746267382569187,5,13,14
7,7,0.5358190021520984,0.8393659187499356,5,15,17
8,8,0.5926357926293564,0.6921582704527206,6,18,20
9,9,0.592113586948172,0.6386019466952122,6,20,24
10,13,0.6481144416950606,0.6878703321994722,8,22,30
11,11,0.7306177515656931,0.7610604455718197,8,24,36
12,11,0.7272253593567531,0.7517505378933852,8,26,42
13,12,0.7103099166418201,0.7271704853232827,8,28,48
14,12,0.7031094595890239,0.7197884400318195,8,29,55
15,19,0.6748135693374502,0.6887806163353081,12,32,64
16,12,0.668923987949576,0.6857704119968476,9,32,73
17,15,0.6405945830264874,0.6520438647125854,10,33,82
18,13,0.61951613158544,0.6560340574062049,8,33,90
19,17,0.6004396723671545,0.6286629745130512,10,32,100
20,14,0.5936768058480728,0.6151448756455167,8,29,109
21,19,0.5636064377241031,0.6090553152790833,12,17,121
22,18,0.5425056374262045,0.5754887180805612,12,8,133
23,11,0.529897884617649,0.5604513666020418,9,12,138
24,9,0.5166979439595597,0.5645779608362057,6,14,142
25,14,0.4907779744418147,0.5235752413272716,8,11,152
26,15,0.4829400713467692,0.5071685065273436,10,8,162
27,18,0.45853132701653776,0.5033480643201738,12,8,170
28,13,0.4410448144949869,0.46984397537938655,8,9,176
29,11,0.43450021458363197,0.45690460528966875,9,13,181
30,8,0.40910248320578957,0.45140147830585003,6,3,189
31,10,0.39110692095851507,0.40586692762257665,6,6,192
32,11,0.38119381295515187,0.3975562412575398,9,11,196
33,9,0.36010585971531694,0.3643928147180731,6,10,202
34,10,0.35130502390430074,0.36036981949882096,6,10,208
35,10,0.3353147012229658,0.3592209355922069,7,6,217
36,7,0.32569958010585454,0.3408220838651379,5,2,222
37,7,0.3042701418197706,0.3113704070079928,5,5,224
38,7,0.2966077864915592,0.3001243932606308,4,7,226
39,12,0.2762326562669874,0.2806669256610228,8,7,232
40,8,0.2726972018779804,0.2824241788488387,7,8,238
41,5,0.2547823658176945,0.2619803503898436,5,9,242
42,4,0.24396386962678254,0.2468992560583125,2,1,246
43,6,0.23585885535972084,0.2434557522084585,4,2,249
44,5,0.22704851692789424,0.2392887425851012,4,4,251
45,8,0.20861117663341447,0.21121649555858932,7,7,255
46,6,0.19703063294939807,0.20371574492233685,4,6,259
47,6,0.19133645679718458,0.19656049746651977,4,7,262
0,5,0.6965087354348776,0.9131753857093524,5,3,2
1,3,0.3726314708376237,0.7515149724026108,2,4,3
2,5,0.6248717823634586,0.6824368051399107,5,7,5
3,3,0.34009872120980583,0.7059121623443849,2,8,6
4,7,0.46472218914144775,0.685758352564421,4,10,8
5,7,0.4627227010119111,0.5897352048554242,4,11,11
6,5,0.5835159121239376,0.6746267382569187,5,13,14
7,7,0.5358190021520984,0.8393659187499356,5,15,17
8,8,0.5926357926293564,0.6921582704527206,6,18,20
9,9,0.592113586948172,0.6386019466952122,6,20,24
10,13,0.6481144416950606,0.6878703321994722,8,22,30
11,11,0.7306177515656931,0.7610604455718197,8,24,36
12,11,0.7272253593567531,0.7517505378933852,8,26,42
13,12,0.7103099166418201,0.7271704853232827,8,28,48
14,12,0.7031094595890239,0.7197884400318195,8,29,55
15,19,0.6748135693374502,0.6887806163353081,12,32,64
16,12,0.668923987949576,0.6857704119968476,9,32,73
17,15,0.6405945830264874,0.6520438647125854,10,33,82
18,13,0.61951613158544,0.6560340574062049,8,33,90
19,17,0.6004396723671545,0.6286629745130512,10,32,100
20,14,0.5936768058480728,0.6151448756455167,8,29,109
21,19,0.5636064377241031,0.6090553152790833,12,17,121
22,18,0.5425056374262045,0.5754887180805612,12,8,133
23,11,0.529897884617649,0.5604513666020418,9,12,138
24,9,0.5166979439595597,0.5645779608362057,6,14,142
25,14,0.4907779744418147,0.5235752413272716,8,11,152
26,15,0.4829400713467692,0.5071685065273436,10,8,162
27,18,0.45853132701653776,0.5033480643201738,12,8,170
28,13,0.4410448144949869,0.46984397537938655,8,9,176
29,11,0.43450021458363197,0.45690460528966875,9,13,181
30,8,0.40910248320578957,0.45140147830585003,6,3,189
31,10,0.39110692095851507,0.40586692762257665,6,6,192
32,11,0.38119381295515187,0.3975562412575398,9,11,196
33,9,0.36010585971531694,0.3643928147180731,6,10,202
34,10,0.35130502390430074,0.36036981949882096,6,10,208
35,10,0.3353147012229658,0.3592209355922069,7,6,217
36,7,0.32569958010585454,0.3408220838651379,5,2,222
37,7,0.3042701418197706,0.3113704070079928,5,5,224
38,7,0.2966077864915592,0.3001243932606308,4,7,226
39,12,0.2762326562669874,0.2806669256610228,8,7,232
40,8,0.2726972018779804,0.2824241788488387,7,8,238
41,5,0.2547823658176945,0.2619803503898436,5,9,242
42,4,0.24396386962678254,0.2468992560583125,2,1,246
43,6,0.23585885535972084,0.2434557522084585,4,2,249
44,5,0.22704851692789424,0.2392887425851012,4,4,251
45,8,0.20861117663341447,0.21121649555858932,7,7,255
46,6,0.19703063294939807,0.20371574492233685,4,6,259
47,6,0.19133645679718458,0.19656049746651977,4,7,262
0,5,0.6965087354348776,0.9131753857093524,5,3,2
1,3,0.3726314708376237,0.7515149724026108,2,4,3
2,5,0.6248717823634586,0.6824368051399107,5,7,5
3,3,0.34009872120980583,0.7059121623443849,2,8,6
4,7,0.46472218914144775,0.685758352564421,4,10,8
5,7,0.4627227010119111,0.5897352048554242,4,11,11
6,5,0.5835159121239376,0.6746267382569187,5,13,14
7,7,0.5358190021520984,0.8393659187499356,4,15,16
8,9,0.5927685562034404,0.7700826791004004,5,18,18
9,11,0.5949568692243685,0.6451964441607776,6,21,21
10,15,0.6509077987153277,0.7074016569737076,7,24,25
11,14,0.7355926052334196,0.7674833890931095,6,26,29
12,16,0.7309787938772704,0.7784621275405603,7,29,33
13,18,0.7170407819933721,0.767827044907371,8,33,37
14,18,0.707100550629244,0.7538886616863781,8,36,42
15,25,0.6782641919405752,0.729297822666751,10,41,47
16,20,0.6857704119968476,0.7281108194972833,9,45,52
17,23,0.6499401468943216,0.703849715175688,9,47,58
18,22,0.6327611984475636,0.7073532339164431,9,48,64
19,25,0.6036681460742002,0.691863936336128,10,52,70
20,22,0.616531113011121,0.6905358184162709,9,54,77
21,26,0.5689877117726077,0.6781209647989086,10,56,84
22,27,0.5536780151723413,0.6675352720427333,10,57,92
23,22,0.5643924187600715,0.6643539230326816,9,56,100
24,20,0.5833531522632607,0.6651872210838129,8,54,108
25,23,0.49679106489059355,0.6436835905461579,9,49,117
26,23,0.5071685065195966,0.6487505030017713,9,42,122
27,27,0.4649826119568498,0.6375964003706553,10,40,126
28,24,0.46958336050482097,0.619017330031338,9,36,130
29,19,0.47805531684498853,0.5939802361579354,8,24,139
30,17,0.5106910015325614,0.6209372088395042,7,29,141
31,14,0.39217726433182626,0.5381892597660296,6,33,143
32,15,0.3825794813100533,0.523183571909229,7,38,145
33,15,0.36224077265580956,0.4101967072753766,7,28,155
34,15,0.35439586833227493,0.4058331868275455,7,17,165
35,14,0.3361828829744769,0.38975540191418495,7,10,175
36,11,0.3284444453760479,0.3797428124889985,6,9,181
37,10,0.30547097480696317,0.37466071798086503,5,12,183
38,10,0.2975916831079335,0.32898684264995753,7,12,190
39,12,0.2762326562669874,0.2806669256610228,6,6,196
40,10,0.2726972018779804,0.28404004871528166,6,8,199
41,8,0.2619803503898436,0.28620682978479617,6,7,204
42,6,0.24552254814938707,0.26982224610279926,4,9,206
43,6,0.23585885535972084,0.2444395907464843,4,5,211
44,5,0.22704851692789424,0.2392887425851012,4,2,216
45,8,0.20861117663341447,0.21121649555858932,5,5,218
46,8,0.1986004472961382,0.21185814785417229,5,8,220
47,7,0.19177405576982373,0.20508877543698242,4,6,224
0,5,0.6965087354348776,0.9131753857093524,5,3,2
1,3,0.3726314708376237,0.7515149724026108,3,5,3
2,4,0.5623846041271128,0.7201241888451354,4,8,4
3,3,0.34009872120980583,0.7059121623443849,3,10,5
4,6,0.30252582248727616,0.7664777878191598,6,14,7
5,4,0.0,0.6078372934409185,4,16,9
6,2,0.7469983744595985,0.8131236140188445,2,17,10
7,7,0.5358190021520984,0.8393659187499356,7,23,11
8,6,0.5868314092460967,0.7580062689185978,6,27,13
9,7,0.589050212544096,0.6094228740020448,7,31,16
10,10,0.643285862634424,0.6911489908849061,9,36,20
11,7,0.7049652388917771,0.7663191140814337,7,40,23
12,8,0.7155257808713639,0.7310195707298018,7,43,27
13,10,0.7088856021566228,0.7203159193943143,9,47,32
14,9,0.7005407090170793,0.7080513173266334,8,50,37
15,16,0.672508966695671,0.6840040912542812,13,57,42
16,8,0.6639472541234811,0.6917275356071063,7,58,48
17,13,0.6390419413383763,0.6520307895764313,11,63,54
18,10,0.6166021455255943,0.6327612051300714,9,65,61
19,13,0.5976970481071379,0.6101801640448934,11,69,68
20,9,0.5883729035069222,0.6104776202501109,8,69,75
21,14,0.5627820523353144,0.5714904625304595,12,73,83
22,13,0.5411811885834011,0.5552681962544737,11,76,91
23,7,0.5298978818377801,0.5367967913076809,7,74,100
24,7,0.5163436471460793,0.5492448198906872,7,72,109
25,11,0.4907779744412146,0.500799791756496,10,66,119
26,10,0.47977530934257384,0.520917921989182,9,59,129
27,14,0.4565965349667787,0.4711178766215444,12,48,139
28,9,0.4410448144938508,0.4510180163379081,9,40,149
29,6,0.4197378562924766,0.43450021458385857,6,25,159
30,6,0.4087214546808927,0.5409445868505394,6,23,166
31,8,0.38896623421193427,0.39541777796865474,7,20,176
32,8,0.38016543863824753,0.3874293205522084,7,17,186
33,8,0.3591457187350982,0.3629919810859988,7,12,195
34,8,0.35130502390430063,0.3543958683322751,7,13,199
35,7,0.33271513869337815,0.34079049349802293,7,13,204
36,4,0.3147201190250811,0.3284444453760479,4,13,207
37,5,0.3042701418197706,0.3056425223765621,5,0,214
38,5,0.2936560966424363,0.2975916831079335,5,5,214
39,9,0.2755486491030775,0.2795136847846841,8,11,216
40,5,0.26800669914189995,0.2726972018779804,5,15,217
41,4,0.2529828696746572,0.2619803503898436,4,14,222
42,4,0.24396386962678254,0.2468992560583125,4,11,229
43,4,0.2322063111266627,0.2389659514901681,4,6,233
44,3,0.22344500251233432,0.2271671239548579,3,2,238
45,7,0.20818080012141774,0.21121649555858932,7,8,239
46,5,0.19627312735258387,0.20075158242715363,5,11,241
47,4,0.1903187076132434,0.19206578841824984,4,11,243
0,5,0.6965087354348776,0.9131753857093524,4,3,1
1,4,0.5589472062564356,0.9515571238403762,3,6,1
2,5,0.6392630380575717,0.883197084922918,4,9,2
3,4,0.5101480818147087,0.9222409017548961,3,12,2
4,7,0.46472218914144775,0.9010101799103909,6,16,4
5,5,0.11568067525297777,0.8138747136731257,4,18,6
6,3,0.796592304129033,0.9147168652211042,2,21,5
7,8,0.5654988413740066,0.8393659187499356,6,25,7
8,7,0.5902874865612356,0.8210514893315138,6,28,10
9,8,0.5906919458100738,0.6407247478909359,6,32,12
10,12,0.6461801288457006,0.7501525213282989,9,37,16
11,9,0.715278581606932,0.7663191140814337,6,40,19
12,11,0.7272253593567531,0.7517505378933852,7,43,23
13,13,0.7117342311270174,0.7404123998546555,7,47,26
14,14,0.7053447020917296,0.7382633722197738,8,51,30
15,21,0.6782078900170265,0.6900126495696193,12,58,35
16,14,0.6689648726773645,0.7507944966807573,7,60,40
17,18,0.6468036840083536,0.6885652371930693,11,65,46
18,15,0.6214595358137889,0.7056993644795857,8,67,52
19,19,0.6004398519656527,0.6894268244313997,8,69,58
20,17,0.5941195913200619,0.7009187570770485,8,70,65
21,21,0.5648430083223427,0.6284667425745776,10,72,72
22,21,0.5477679272476679,0.6208288368723435,11,75,80
23,14,0.529897884617649,0.6282781171321614,6,74,87
24,15,0.5327462131218821,0.6613364905426852,8,73,95
25,16,0.4907779745168106,0.6365783747545528,8,73,103
26,17,0.483899425449866,0.6435448206725888,9,72,112
27,20,0.46122369463907464,0.5558537627134106,11,71,122
28,16,0.4460314154168262,0.5388286097973465,9,65,132
29,10,0.4300715070962854,0.5177955165464734,7,44,142
30,9,0.4102455687803287,0.5636509266424488,7,14,151
31,10,0.39110692095851507,0.45024708406302666,7,17,155
32,10,0.3808510215161838,0.437762068855806,9,22,159
33,8,0.3591457187350982,0.3629919810859988,7,19,169
34,8,0.35130502390430063,0.3543958683322751,6,13,177
35,7,0.33271513869337815,0.3407904934980229,6,7,183
36,5,0.3174649842952745,0.3284444453760479,5,8,187
37,5,0.3042701418197706,0.3056425223765621,5,12,188
38,5,0.2936560966424363,0.2975916831079335,5,9,192
39,9,0.2755486491030775,0.2795136847846841,9,8,197
40,4,0.2667616763768433,0.2726972018779804,4,9,199
41,4,0.2529828696746572,0.2619803503898436,4,10,200
42,4,0.24396386962678254,0.2468992560583125,4,9,205
43,4,0.2322063111266627,0.2389659514901681,4,4,209
44,3,0.22344500251233432,0.2271671239548579,3,3,211
45,7,0.20818080012141774,0.21121649555858932,7,8,213
46,5,0.19627312735258387,0.20075158242715363,5,12,214
47,4,0.1903187076132434,0.19206578841824984,4,11,217
0,5,0.6965087354348776,0.9131753857093524,3,3,0
1,5,0.6361734142113636,0.8970984562245061,3,6,0
2,6,0.6608499215987411,0.8133087008895827,3,9,0
3,6,0.6319113629314195,0.8057625633414718,3,12,0
4,9,0.5964900184377089,0.8194628696950289,6,18,0
5,7,0.4627227010119111,0.732371833976103,4,22,0
6,5,0.697404444790164,0.829654923908656,4,25,1
7,8,0.5654988413740066,0.8393659187499356,6,30,2
8,7,0.5902874865612356,0.7217770383731898,4,33,3
9,10,0.5935352280862702,0.6609537892914208,7,38,5
10,13,0.6481144416950606,0.7375482392991998,9,45,7
11,10,0.7229481665863126,0.7663191140814337,7,50,9
12,11,0.7272253593567531,0.7517505378933852,8,56,11
13,12,0.7103099166418201,0.7271704853232827,7,61,13
14,13,0.7042270808403768,0.7347254001754454,10,67,17
15,18,0.673116408997662,0.6871679643150953,15,76,23
16,8,0.6639472541234811,0.6917275356071063,5,78,26
17,15,0.6405945830264874,0.6520438647125854,11,84,31
18,12,0.6180591493112334,0.6575793643437974,9,87,37
19,15,0.6004391335716597,0.6226257640684207,12,92,44
20,10,0.5890331051975592,0.6334335967214014,7,94,49
21,16,0.5627820573252768,0.6016365623219562,11,98,56
22,16,0.5419209385358171,0.566776381453657,12,102,63
23,9,0.5298978829502083,0.5773571616756532,6,101,69
24,10,0.5166979439598602,0.6517096641898658,8,100,77
25,13,0.4907779744416147,0.5204817155870932,9,100,86
26,13,0.4826202866313483,0.5863073783009379,9,100,94
27,17,0.4577853862570772,0.5558537627134106,15,103,104
28,9,0.4410448144938508,0.4510180163379081,6,101,112
29,9,0.42564279960893875,0.4872211317038091,6,96,121
30,9,0.4102455687803287,0.6101824809428565,5,91,130
31,12,0.3921772643318124,0.5870344740812574,9,74,141
32,10,0.3808510215161838,0.48128673664640587,7,48,151
33,10,0.3610660006955356,0.39618590818796046,7,20,159
34,10,0.35130502390430074,0.39221550356489904,8,21,166
35,8,0.33357833771994355,0.3597243422713135,5,19,173
36,7,0.32569958010585454,0.3408220838651379,6,18,180
37,6,0.3042701418197706,0.30598561751576,5,3,187
38,6,0.29513194156699774,0.2975916831079335,5,8,187
39,10,0.2755486491030775,0.2801275640032986,8,14,188
40,6,0.26976563766793016,0.27875500189938107,4,17,189
41,6,0.2574816100322504,0.27529111226798153,4,16,194
42,6,0.24552254814938707,0.27136944934048723,4,10,202
43,6,0.23585885535972084,0.2464307538340863,5,10,204
44,4,0.2260586830537815,0.24662888975303598,3,8,207
45,7,0.20818080012141774,0.21121649555858932,6,14,207
46,6,0.19703063294939807,0.20371574492233685,4,5,212
47,6,0.19133645679718458,0.2004663806922145,5,10,212
0,5,0.6965087354348776,0.9131753857093524,3,3,0
1,5,0.6361734142113636,0.8970984562245061,3,6,0
2,6,0.6608499215987411,0.8133087008895827,3,9,0
3,6,0.6319113629314195,0.8057625633414718,3,12,0
4,9,0.5964900184377089,0.8194628696950289,6,18,0
5,7,0.4627227010119111,0.732371833976103,4,22,0
6,5,0.697404444790164,0.829654923908656,4,26,0
7,8,0.5654988413740066,0.8393659187499356,6,32,0
8,7,0.5902874865612356,0.7217770383731898,4,36,0
9,10,0.5935352280862702,0.6609537892914208,7,42,1
10,13,0.6481144416950606,0.7375482392991998,9,51,1
11,10,0.7229481665863126,0.7663191140814337,7,58,1
12,11,0.7272253593567531,0.7517505378933852,8,66,1
13,12,0.7103099166418201,0.7271704853232827,7,73,1
14,13,0.7042270808403768,0.7347254001754454,10,82,2
15,18,0.673116408997662,0.6871679643150953,15,94,5
16,8,0.6639472541234811,0.6917275356071063,5,99,5
17,15,0.6405945830264874,0.6520438647125854,11,109,6
18,12,0.6180591493112334,0.6575793643437974,9,117,7
19,15,0.6004391335716597,0.6226257640684207,12,127,9
20,10,0.5890331051975592,0.6334335967214014,7,134,9
21,16,0.5627820573252768,0.6016365623219562,11,144,10
22,16,0.5419209385358171,0.566776381453657,12,155,11
23,9,0.5298978829502083,0.5773571616756532,6,161,11
24,10,0.5166979439598602,0.6517096641898658,8,168,12
25,13,0.4907779744416147,0.5204817155870932,9,176,13
26,13,0.4826202866313483,0.5863073783009379,9,185,13
27,17,0.4577853862570772,0.5558537627134106,15,198,15
28,9,0.4410448144938508,0.4510180163379081,6,204,15
29,9,0.42564279960893875,0.4872211317038091,6,210,15
30,9,0.4102455687803287,0.6101824809428565,5,215,15
31,12,0.3921772643318124,0.5870344740812574,9,223,16
32,10,0.3808510215161838,0.48128673664640587,7,230,16
33,10,0.3610660006955356,0.39618590818796046,7,237,16
34,10,0.35130502390430074,0.39221550356489904,8,244,17
35,8,0.33357833771994355,0.3597243422713135,5,249,17
36,7,0.32569958010585454,0.3408220838651379,6,255,17
37,6,0.3042701418197706,0.30598561751576,5,260,17
38,6,0.29513194156699774,0.2975916831079335,5,265,17
39,10,0.2755486491030775,0.2801275640032986,8,273,17
40,6,0.26976563766793016,0.27875500189938107,4,277,17
41,6,0.2574816100322504,0.27529111226798153,4,281,17
42,6,0.24552254814938707,0.27136944934048723,4,285,17
43,6,0.23585885535972084,0.2464307538340863,5,290,17
44,4,0.2260586830537815,0.24662888975303598,3,293,17
45,7,0.20818080012141774,0.21121649555858932,6,299,17
46,6,0.19703063294939807,0.20371574492233685,4,303,17
47,6,0.19133645679718458,0.2004663806922145,5,308,17
0,5,0.6965087354348776,0.9131753857093524,5,3,2
1,3,0.3726314708376237,0.7515149724026108,3,6,2
2,4,0.5623846041271128,0.7201241888451354,4,9,3
3,3,0.34009872120980583,0.7059121623443849,3,12,3
4,6,0.30252582248727616,0.7664777878191598,6,15,6
5,4,0.0,0.6078372934409185,4,18,7
6,2,0.7469983744595985,0.8131236140188445,2,20,7
7,7,0.5358190021520984,0.8393659187499356,7,25,9
8,6,0.5868314092460967,0.7580062689185978,6,28,12
9,7,0.589050212544096,0.6094228740020448,7,33,14
10,10,0.643285862634424,0.6911489908849061,10,40,17
11,6,0.7048343947778055,0.7608219919760982,6,44,19
12,8,0.7155257808713639,0.7310195707298018,8,49,22
13,9,0.7088856021566228,0.7178770825497478,9,56,24
14,8,0.6998151443567834,0.7067910818116744,8,62,26
15,15,0.672483933382434,0.6805756962648662,15,71,32
16,5,0.6633964152450396,0.6678021474829705,5,74,34
17,12,0.6390416549996666,0.6520307539363897,12,82,38
18,8,0.6166021025027296,0.6214622000000456,8,87,41
19,12,0.5956406187076202,0.6059841836906272,12,95,45
20,7,0.5848861586497617,0.5941194604627263,7,99,48
21,13,0.5627820373654273,0.5698212097990013,13,108,52
22,11,0.5400715636867811,0.5536780151595212,11,115,56
23,5,0.5298978818353763,0.5298978840618355,5,118,58
24,7,0.5163436471460793,0.5492448198906872,7,122,61
25,11,0.4907779744412146,0.500799791756496,11,129,65
26,9,0.47693033207538227,0.5254876188895965,9,135,68
27,13,0.4565965349643363,0.46619192546986415,13,144,72
28,7,0.4402035298533417,0.44303945486417706,7,148,75
29,6,0.4197378562924766,0.43450021458385857,6,152,77
30,6,0.4087214546808927,0.5409445868505394,6,157,78
31,8,0.38896623421193427,0.39541777796865474,8,162,81
32,7,0.38005117482525713,0.3825794813100533,7,167,83
33,7,0.35777139974958194,0.36224077265580956,7,172,85
34,7,0.35069224679630345,0.35439586833227493,7,176,88
35,6,0.3318544310292857,0.3361828829744769,6,180,90
36,4,0.3147201190250811,0.3284444453760479,4,183,91
37,5,0.3042701418197706,0.3056425223765621,5,186,93
38,5,0.2936560966424363,0.2975916831079335,5,190,94
39,9,0.2755486491030775,0.2795136847846841,9,197,96
40,4,0.2667616763768433,0.2726972018779804,4,200,97
41,4,0.2529828696746572,0.2619803503898436,4,203,98
42,4,0.24396386962678254,0.2468992560583125,4,206,99
43,4,0.2322063111266627,0.2389659514901681,4,208,101
44,3,0.22344500251233432,0.2271671239548579,3,210,102
45,7,0.20818080012141774,0.21121649555858932,7,215,104
46,5,0.19627312735258387,0.20075158242715363,5,218,106
47,4,0.1903187076132434,0.19206578841824984,4,221,107
0,5,0.6965087354348776,0.9131753857093524,5,3,2
1,3,0.3726314708376237,0.7515149724026108,3,6,2
2,4,0.5623846041271128,0.7201241888451354,4,9,3
3,3,0.34009872120980583,0.7059121623443849,3,12,3
4,6,0.30252582248727616,0.7664777878191598,6,15,6
5,4,0.0,0.6078372934409185,4,18,7
6,2,0.7469983744595985,0.8131236140188445,2,20,7
7,7,0.5358190021520984,0.8393659187499356,7,25,9
8,6,0.5868314092460967,0.7580062689185978,6,27,13
9,7,0.589050212544096,0.6094228740020448,7,31,16
10,10,0.643285862634424,0.6911489908849061,10,37,20
11,6,0.7048343947778055,0.7608219919760982,6,40,23
12,8,0.7155257808713639,0.7310195707298018,8,44,27
13,9,0.7088856021566228,0.7178770825497478,9,50,30
14,8,0.6998151443567834,0.7067910818116744,8,54,34
15,15,0.672483933382434,0.6805756962648662,15,61,42
16,5,0.6633964152450396,0.6678021474829705,5,62,46
17,12,0.6390416549996666,0.6520307539363897,12,67,53
18,8,0.6166021025027296,0.6214622000000456,8,69,59
19,12,0.5956406187076202,0.6059841836906272,12,74,66
20,7,0.5848861586497617,0.5941194604627263,7,74,73
21,13,0.5627820373654273,0.5698212097990013,13,79,81
22,11,0.5400715636867811,0.5536780151595212,11,81,90
23,5,0.5298978818353763,0.5298978840618355,5,79,97
24,7,0.5163436471460793,0.5492448198906872,7,77,105
25,11,0.4907779744412146,0.500799791756496,11,78,115
26,9,0.47693033207538227,0.5254876188895965,9,78,124
27,13,0.4565965349643363,0.46619192546986415,13,80,135
28,7,0.4402035298533417,0.44303945486417706,7,74,145
29,6,0.4197378562924766,0.43450021458385857,6,69,154
30,6,0.4087214546808927,0.5409445868505394,6,64,162
31,8,0.38896623421193427,0.39541777796865474,8,53,173
32,7,0.38005117482525713,0.3825794813100533,7,21,183
33,7,0.35777139974958194,0.36224077265580956,7,16,192
34,7,0.35069224679630345,0.35439586833227493,7,19,196
35,6,0.3318544310292857,0.3361828829744769,6,23,198
36,4,0.3147201190250811,0.3284444453760479,4,26,199
37,5,0.3042701418197706,0.3056425223765621,5,24,206
38,5,0.2936560966424363,0.2975916831079335,5,23,212
39,9,0.2755486491030775,0.2795136847846841,9,15,219
40,4,0.2667616763768433,0.2726972018779804,4,11,224
41,4,0.2529828696746572,0.2619803503898436,4,13,226
42,4,0.24396386962678254,0.2468992560583125,4,16,227
43,4,0.2322063111266627,0.2389659514901681,4,10,232
44,3,0.22344500251233432,0.2271671239548579,3,12,233
45,7,0.20818080012141774,0.21121649555858932,7,16,236
46,5,0.19627312735258387,0.20075158242715363,5,16,239
47,4,0.1903187076132434,0.19206578841824984,4,12,243
0,5,0.6965087354348776,0.9131753857093524,5,3,2
1,3,0.3726314708376237,0.7515149724026108,3,6,2
2,4,0.5623846041271128,0.7201241888451354,4,9,3
3,3,0.34009872120980583,0.7059121623443849,3,12,3
4,6,0.30252582248727616,0.7664777878191598,6,15,6
5,4,0.0,0.6078372934409185,4,18,7
6,2,0.7469983744595985,0.8131236140188445,2,20,7
7,7,0.5358190021520984,0.8393659187499356,7,25,9
8,6,0.5868314092460967,0.7580062689185978,6,28,12
9,7,0.589050212544096,0.6094228740020448,7,33,14
10,10,0.643285862634424,0.6911489908849061,10,40,17
11,6,0.7048343947778055,0.7608219919760982,6,44,19
12,8,0.7155257808713639,0.7310195707298018,8,49,22
13,9,0.7088856021566228,0.7178770825497478,9,56,24
14,8,0.6998151443567834,0.7067910818116744,8,62,26
15,15,0.672483933382434,0.6805756962648662,15,71,32
16,5,0.6633964152450396,0.6678021474829705,5,74,34
17,12,0.6390416549996666,0.6520307539363897,12,82,38
18,8,0.6166021025027296,0.6214622000000456,8,87,41
19,12,0.5956406187076202,0.6059841836906272,12,95,45
20,7,0.5848861586497617,0.5941194604627263,7,99,48
21,13,0.5627820373654273,0.5698212097990013,13,108,52
22,11,0.5400715636867811,0.5536780151595212,11,115,56
23,5,0.5298978818353763,0.5298978840618355,5,118,58
24,7,0.5163436471460793,0.5492448198906872,7,122,61
25,11,0.4907779744412146,0.500799791756496,11,129,65
26,9,0.47693033207538227,0.5254876188895965,9,135,68
27,13,0.4565965349643363,0.46619192546986415,13,144,72
28,7,0.4402035298533417,0.44303945486417706,7,148,75
29,6,0.4197378562924766,0.43450021458385857,6,152,77
30,6,0.4087214546808927,0.5409445868505394,6,157,78
31,8,0.38896623421193427,0.39541777796865474,8,162,81
32,7,0.38005117482525713,0.3825794813100533,7,167,83
33,7,0.35777139974958194,0.36224077265580956,7,172,85
34,7,0.35069224679630345,0.35439586833227493,7,176,88
35,6,0.3318544310292857,0.3361828829744769,6,180,90
36,4,0.3147201190250811,0.3284444453760479,4,183,91
37,5,0.3042701418197706,0.3056425223765621,5,186,93
38,5,0.2936560966424363,0.2975916831079335,5,190,94
39,9,0.2755486491030775,0.2795136847846841,9,197,96
40,4,0.2667616763768433,0.2726972018779804,4,200,97
41,4,0.2529828696746572,0.2619803503898436,4,203,98
42,4,0.24396386962678254,0.2468992560583125,4,206,99
43,4,0.2322063111266627,0.2389659514901681,4,208,101
44,3,0.22344500251233432,0.2271671239548579,3,210,102
45,7,0.20818080012141774,0.21121649555858932,7,215,104
46,5,0.19627312735258387,0.20075158242715363,5,218,106
47,4,0.1903187076132434,0.19206578841824984,4,221,107
0,5,0.6965087354348776,0.9131753857093524,5,3,2
1,3,0.3726314708376237,0.7515149724026108,3,6,2
2,4,0.5623846041271128,0.7201241888451354,4,9,3
3,3,0.34009872120980583,0.7059121623443849,3,12,3
4,6,0.30252582248727616,0.7664777878191598,6,15,6
5,4,0.0,0.6078372934409185,4,18,7
6,2,0.7469983744595985,0.8131236140188445,2,20,7
7,7,0.5358190021520984,0.8393659187499356,7,25,9
8,6,0.5868314092460967,0.7580062689185978,6,27,13
9,7,0.589050212544096,0.6094228740020448,7,31,16
10,10,0.643285862634424,0.6911489908849061,10,37,20
11,6,0.7048343947778055,0.7608219919760982,6,40,23
12,8,0.7155257808713639,0.7310195707298018,8,44,27
13,9,0.7088856021566228,0.7178770825497478,9,50,30
14,8,0.6998151443567834,0.7067910818116744,8,54,34
15,15,0.672483933382434,0.6805756962648662,15,61,42
16,5,0.6633964152450396,0.6678021474829705,5,62,46
17,12,0.6390416549996666,0.6520307539363897,12,67,53
18,8,0.6166021025027296,0.6214622000000456,8,69,59
19,12,0.5956406187076202,0.6059841836906272,12,74,66
20,7,0.5848861586497617,0.5941194604627263,7,74,73
21,13,0.5627820373654273,0.5698212097990013,13,79,81
22,11,0.5400715636867811,0.5536780151595212,11,81,90
23,5,0.5298978818353763,0.5298978840618355,5,79,97
24,7,0.5163436471460793,0.5492448198906872,7,77,105
25,11,0.4907779744412146,0.500799791756496,11,78,115
26,9,0.47693033207538227,0.5254876188895965,9,78,124
27,13,0.4565965349643363,0.46619192546986415,13,80,135
28,7,0.4402035298533417,0.44303945486417706,7,74,145
29,6,0.4197378562924766,0.43450021458385857,6,69,154
30,6,0.4087214546808927,0.5409445868505394,6,64,162
31,8,0.38896623421193427,0.39541777796865474,8,53,173
32,7,0.38005117482525713,0.3825794813100533,7,21,183
33,7,0.35777139974958194,0.36224077265580956,7,16,192
34,7,0.35069224679630345,0.35439586833227493,7,19,196
35,6,0.3318544310292857,0.3361828829744769,6,23,198
36,4,0.3147201190250811,0.3284444453760479,4,26,199
37,5,0.3042701418197706,0.3056425223765621,5,24,206
38,5,0.2936560966424363,0.2975916831079335,5,23,212
39,9,0.2755486491030775,0.2795136847846841,9,15,219
40,4,0.2667616763768433,0.2726972018779804,4,11,224
41,4,0.2529828696746572,0.2619803503898436,4,13,226
42,4,0.24396386962678254,0.2468992560583125,4,16,227
43,4,0.2322063111266627,0.2389659514901681,4,10,232
44,3,0.22344500251233432,0.2271671239548579,3,12,233
45,7,0.20818080012141774,0.21121649555858932,7,16,236
46,5,0.19627312735258387,0.20075158242715363,5,16,239
47,4,0.1903187076132434,0.19206578841824984,4,12,243
0,5,0.6965087354348776,0.9131753857093524,5,3,2
1,3,0.3726314708376237,0.7515149724026108,3,6,2
2,4,0.5623846041271128,0.7201241888451354,4,9,3
3,3,0.34009872120980583,0.7059121623443849,3,12,3
4,6,0.30252582248727616,0.7664777878191598,6,15,6
5,4,0.0,0.6078372934409185,4,18,7
6,2,0.7469983744595985,0.8131236140188445,2,20,7
7,7,0.5358190021520984,0.8393659187499356,7,25,9
8,6,0.5868314092460967,0.7580062689185978,6,27,13
9,7,0.589050212544096,0.6094228740020448,7,31,16
10,10,0.643285862634424,0.6911489908849061,10,37,20
11,6,0.7048343947778055,0.7608219919760982,6,40,23
12,8,0.7155257808713639,0.7310195707298018,8,44,27
13,9,0.7088856021566228,0.7178770825497478,9,50,30
14,8,0.6998151443567834,0.7067910818116744,8,54,34
15,15,0.672483933382434,0.6805756962648662,15,61,42
16,5,0.6633964152450396,0.6678021474829705,5,62,46
17,12,0.6390416549996666,0.6520307539363897,12,67,53
18,8,0.6166021025027296,0.6214622000000456,8,69,59
19,12,0.5956406187076202,0.6059841836906272,12,74,66
20,7,0.5848861586497617,0.5941194604627263,7,74,73
21,13,0.5627820373654273,0.5698212097990013,13,79,81
22,11,0.5400715636867811,0.5536780151595212,11,81,90
23,5,0.5298978818353763,0.5298978840618355,5,79,97
24,7,0.5163436471460793,0.5492448198906872,7,77,105
25,11,0.4907779744412146,0.500799791756496,11,78,115
26,9,0.47693033207538227,0.5254876188895965,9,78,124
27,13,0.4565965349643363,0.46619192546986415,13,80,135
28,7,0.4402035298533417,0.44303945486417706,7,74,145
29,6,0.4197378562924766,0.43450021458385857,6,69,154
30,6,0.4087214546808927,0.5409445868505394,6,64,162
31,8,0.38896623421193427,0.39541777796865474,8,53,173
32,7,0.38005117482525713,0.3825794813100533,7,21,183
33,7,0.35777139974958194,0.36224077265580956,7,16,192
34,7,0.35069224679630345,0.35439586833227493,7,19,196
35,6,0.3318544310292857,0.3361828829744769,6,23,198
36,4,0.3147201190250811,0.3284444453760479,4,26,199
37,5,0.3042701418197706,0.3056425223765621,5,24,206
38,5,0.2936560966424363,0.2975916831079335,5,23,212
39,9,0.2755486491030775,0.2795136847846841,9,15,219
40,4,0.2667616763768433,0.2726972018779804,4,11,224
41,4,0.2529828696746572,0.2619803503898436,4,13,226
42,4,0.24396386962678254,0.2468992560583125,4,16,227
43,4,0.2322063111266627,0.2389659514901681,4,10,232
44,3,0.22344500251233432,0.2271671239548579,3,12,233
45,7,0.20818080012141774,0.21121649555858932,7,16,236
46,5,0.19627312735258387,0.20075158242715363,5,16,239
47,4,0.1903187076132434,0.19206578841824984,4,12,243
0,5,0.6965087354348776,0.9131753857093524,5,3,2
1,3,0.3726314708376237,0.7515149724026108,3,6,2
2,4,0.5623846041271128,0.7201241888451354,4,9,3
3,3,0.34009872120980583,0.7059121623443849,3,12,3
4,6,0.30252582248727616,0.7664777878191598,6,15,6
5,4,0.0,0.6078372934409185,4,18,7
6,2,0.7469983744595985,0.8131236140188445,2,20,7
7,7,0.5358190021520984,0.8393659187499356,7,25,9
8,6,0.5868314092460967,0.7580062689185978,6,28,12
9,7,0.589050212544096,0.6094228740020448,7,32,15
10,10,0.643285862634424,0.6911489908849061,10,38,19
11,6,0.7048343947778055,0.7608219919760982,6,41,22
12,8,0.7155257808713639,0.7310195707298018,8,45,26
13,9,0.7088856021566228,0.7178770825497478,9,51,29
14,8,0.6998151443567834,0.7067910818116744,8,56,32
15,15,0.672483933382434,0.6805756962648662,15,63,40
16,5,0.6633964152450396,0.6678021474829705,5,64,44
17,12,0.6390416549996666,0.6520307539363897,12,70,50
18,8,0.6166021025027296,0.6214622000000456,8,72,56
19,12,0.5956406187076202,0.6059841836906272,12,77,63
20,7,0.5848861586497617,0.5941194604627263,7,78,69
21,13,0.5627820373654273,0.5698212097990013,13,83,77
22,11,0.5400715636867811,0.5536780151595212,11,86,85
23,5,0.5298978818353763,0.5298978840618355,5,84,92
24,7,0.5163436471460793,0.5492448198906872,7,83,100
25,11,0.4907779744412146,0.500799791756496,11,84,109
26,9,0.47693033207538227,0.5254876188895965,9,84,118
27,13,0.4565965349643363,0.46619192546986415,13,87,128
28,7,0.4402035298533417,0.44303945486417706,7,84,138
29,6,0.4197378562924766,0.43450021458385857,6,78,147
30,6,0.4087214546808927,0.5409445868505394,6,80,151
31,8,0.38896623421193427,0.39541777796865474,8,75,159
32,7,0.38005117482525713,0.3825794813100533,7,63,164
33,7,0.35777139974958194,0.36224077265580956,7,69,165
34,7,0.35069224679630345,0.35439586833227493,7,55,169
35,6,0.3318544310292857,0.3361828829744769,6,57,169
36,4,0.3147201190250811,0.3284444453760479,4,53,170
37,5,0.3042701418197706,0.3056425223765621,5,56,172
38,5,0.2936560966424363,0.2975916831079335,5,45,176
39,9,0.2755486491030775,0.2795136847846841,9,53,176
40,4,0.2667616763768433,0.2726972018779804,4,55,178
41,4,0.2529828696746572,0.2619803503898436,4,60,175
42,4,0.24396386962678254,0.2468992560583125,4,63,176
43,4,0.2322063111266627,0.2389659514901681,4,64,179
44,3,0.22344500251233432,0.2271671239548579,3,68,178
45,7,0.20818080012141774,0.21121649555858932,7,73,178
46,5,0.19627312735258387,0.20075158242715363,5,76,179
47,4,0.1903187076132434,0.19206578841824984,4,79,176
0,5,0.6965087354348776,0.9131753857093524,5,3,2
1,3,0.3726314708376237,0.7515149724026108,3,6,2
2,4,0.5623846041271128,0.7201241888451354,4,9,3
3,3,0.34009872120980583,0.7059121623443849,3,12,3
4,6,0.30252582248727616,0.7664777878191598,6,15,6
5,4,0.0,0.6078372934409185,4,18,7
6,2,0.7469983744595985,0.8131236140188445,2,20,7
7,7,0.5358190021520984,0.8393659187499356,7,24,10
8,6,0.5868314092460967,0.7580062689185978,6,26,14
9,7,0.589050212544096,0.6094228740020448,7,30,17
10,10,0.643285862634424,0.6911489908849061,10,36,21
11,6,0.7048343947778055,0.7608219919760982,6,35,28
12,8,0.7155257808713639,0.7310195707298018,8,32,39
13,9,0.7088856021566228,0.7178770825497478,9,35,44
14,8,0.6998151443567834,0.7067910818116744,8,40,47
15,15,0.672483933382434,0.6805756962648662,15,42,59
16,5,0.6633964152450396,0.6678021474829705,5,35,65
17,12,0.6390416549996666,0.6520307539363897,12,18,75
18,8,0.6166021025027296,0.6214622000000456,8,23,78
19,12,0.5956406187076202,0.6059841836906272,12,31,82
20,7,0.5848861586497617,0.5941194604627263,7,35,85
21,13,0.5627820373654273,0.5698212097990013,13,44,89
22,11,0.5400715636867811,0.5536780151595212,11,51,93
23,5,0.5298978818353763,0.5298978840618355,5,54,95
24,7,0.5163436471460793,0.5492448198906872,7,55,99
25,11,0.4907779744412146,0.500799791756496,11,53,106
26,9,0.47693033207538227,0.5254876188895965,9,57,110
27,13,0.4565965349643363,0.46619192546986415,13,64,115
28,7,0.4402035298533417,0.44303945486417706,7,66,120
29,6,0.4197378562924766,0.43450021458385857,6,64,128
30,6,0.4087214546808927,0.5409445868505394,6,66,132
31,8,0.38896623421193427,0.39541777796865474,8,72,134
32,7,0.38005117482525713,0.3825794813100533,7,65,148
33,7,0.35777139974958194,0.36224077265580956,7,69,150
34,7,0.35069224679630345,0.35439586833227493,7,70,156
35,6,0.3318544310292857,0.3361828829744769,6,74,157
36,4,0.3147201190250811,0.3284444453760479,4,68,163
37,5,0.3042701418197706,0.3056425223765621,5,66,166
38,5,0.2936560966424363,0.2975916831079335,5,61,168
39,9,0.2755486491030775,0.2795136847846841,9,66,171
40,4,0.2667616763768433,0.2726972018779804,4,71,170
41,4,0.2529828696746572,0.2619803503898436,4,77,167
42,4,0.24396386962678254,0.2468992560583125,4,81,167
43,4,0.2322063111266627,0.2389659514901681,4,83,169
44,3,0.22344500251233432,0.2271671239548579,3,84,170
45,7,0.20818080012141774,0.21121649555858932,7,78,173
46,5,0.19627312735258387,0.20075158242715363,5,72,174
47,4,0.1903187076132434,0.19206578841824984,4,75,175
0,5,0.6965087354348776,0.9131753857093524,5,3,2
1,3,0.3726314708376237,0.7515149724026108,3,6,2
2,4,0.5623846041271128,0.7201241888451354,4,9,3
3,3,0.34009872120980583,0.7059121623443849,3,12,3
4,6,0.30252582248727616,0.7664777878191598,6,15,6
5,4,0.0,0.6078372934409185,4,18,7
6,2,0.7469983744595985,0.8131236140188445,2,20,7
7,7,0.5358190021520984,0.8393659187499356,7,25,9
8,6,0.5868314092460967,0.7580062689185978,6,28,12
9,7,0.589050212544096,0.6094228740020448,7,32,15
10,10,0.643285862634424,0.6911489908849061,10,38,19
11,6,0.7048343947778055,0.7608219919760982,6,41,22
12,8,0.7155257808713639,0.7310195707298018,8,45,26
13,9,0.7088856021566228,0.7178770825497478,9,51,29
14,8,0.6998151443567834,0.7067910818116744,8,56,32
15,15,0.672483933382434,0.6805756962648662,15,63,40
16,5,0.6633964152450396,0.6678021474829705,5,64,44
17,12,0.6390416549996666,0.6520307539363897,12,70,50
18,8,0.6166021025027296,0.6214622000000456,8,72,56
19,12,0.5956406187076202,0.6059841836906272,12,77,63
20,7,0.5848861586497617,0.5941194604627263,7,78,69
21,13,0.5627820373654273,0.5698212097990013,13,83,77
22,11,0.5400715636867811,0.5536780151595212,11,86,85
23,5,0.5298978818353763,0.5298978840618355,5,84,92
24,7,0.5163436471460793,0.5492448198906872,7,83,100
25,11,0.4907779744412146,0.500799791756496,11,84,109
26,9,0.47693033207538227,0.5254876188895965,9,84,118
27,13,0.4565965349643363,0.46619192546986415,13,87,128
28,7,0.4402035298533417,0.44303945486417706,7,84,138
29,6,0.4197378562924766,0.43450021458385857,6,78,147
30,6,0.4087214546808927,0.5409445868505394,6,80,151
31,8,0.38896623421193427,0.39541777796865474,8,75,159
32,7,0.38005117482525713,0.3825794813100533,7,63,164
33,7,0.35777139974958194,0.36224077265580956,7,69,165
34,7,0.35069224679630345,0.35439586833227493,7,55,169
35,6,0.3318544310292857,0.3361828829744769,6,57,169
36,4,0.3147201190250811,0.3284444453760479,4,53,170
37,5,0.3042701418197706,0.3056425223765621,5,56,172
38,5,0.2936560966424363,0.2975916831079335,5,45,176
39,9,0.2755486491030775,0.2795136847846841,9,53,176
40,4,0.2667616763768433,0.2726972018779804,4,55,178
41,4,0.2529828696746572,0.2619803503898436,4,60,175
42,4,0.24396386962678254,0.2468992560583125,4,63,176
43,4,0.2322063111266627,0.2389659514901681,4,64,179
44,3,0.22344500251233432,0.2271671239548579,3,68,178
45,7,0.20818080012141774,0.21121649555858932,7,73,178
46,5,0.19627312735258387,0.20075158242715363,5,76,179
47,4,0.1903187076132434,0.19206578841824984,4,79,176
0,5,0.6965087354348776,0.9131753857093524,5,3,2
1,3,0.3726314708376237,0.7515149724026108,3,6,2
2,4,0.5623846041271128,0.7201241888451354,4,9,3
3,3,0.34009872120980583,0.7059121623443849,3,12,3
4,6,0.30252582248727616,0.7664777878191598,6,15,6
5,4,0.0,0.6078372934409185,4,18,7
6,2,0.7469983744595985,0.8131236140188445,2,20,7
7,7,0.5358190021520984,0.8393659187499356,7,24,10
8,6,0.5868314092460967,0.7580062689185978,6,26,14
9,7,0.589050212544096,0.6094228740020448,7,30,17
10,10,0.643285862634424,0.6911489908849061,10,36,21
11,6,0.7048343947778055,0.7608219919760982,6,35,28
12,8,0.7155257808713639,0.7310195707298018,8,32,39
13,9,0.7088856021566228,0.7178770825497478,9,35,44
14,8,0.6998151443567834,0.7067910818116744,8,40,47
15,15,0.672483933382434,0.6805756962648662,15,42,59
16,5,0.6633964152450396,0.6678021474829705,5,35,65
17,12,0.6390416549996666,0.6520307539363897,12,18,75
18,8,0.6166021025027296,0.6214622000000456,8,23,78
19,12,0.5956406187076202,0.6059841836906272,12,31,82
20,7,0.5848861586497617,0.5941194604627263,7,35,85
21,13,0.5627820373654273,0.5698212097990013,13,44,89
22,11,0.5400715636867811,0.5536780151595212,11,51,93
23,5,0.5298978818353763,0.5298978840618355,5,54,95
24,7,0.5163436471460793,0.5492448198906872,7,55,99
25,11,0.4907779744412146,0.500799791756496,11,53,106
26,9,0.47693033207538227,0.5254876188895965,9,57,110
27,13,0.4565965349643363,0.46619192546986415,13,64,115
28,7,0.4402035298533417,0.44303945486417706,7,66,120
29,6,0.4197378562924766,0.43450021458385857,6,64,128
30,6,0.4087214546808927,0.5409445868505394,6,66,132
31,8,0.38896623421193427,0.39541777796865474,8,72,134
32,7,0.38005117482525713,0.3825794813100533,7,65,148
33,7,0.35777139974958194,0.36224077265580956,7,69,150
34,7,0.35069224679630345,0.35439586833227493,7,70,156
35,6,0.3318544310292857,0.3361828829744769,6,74,157
36,4,0.3147201190250811,0.3284444453760479,4,68,163
37,5,0.3042701418197706,0.3056425223765621,5,66,166
38,5,0.2936560966424363,0.2975916831079335,5,61,168
39,9,0.2755486491030775,0.2795136847846841,9,66,171
40,4,0.2667616763768433,0.2726972018779804,4,71,170
41,4,0.2529828696746572,0.2619803503898436,4,77,167
42,4,0.24396386962678254,0.2468992560583125,4,81,167
43,4,0.2322063111266627,0.2389659514901681,4,83,169
44,3,0.22344500251233432,0.2271671239548579,3,84,170
45,7,0.20818080012141774,0.21121649555858932,7,78,173
46,5,0.19627312735258387,0.20075158242715363,5,72,174
47,4,0.1903187076132434,0.19206578841824984,4,75,175
0,5,0.6965087354348776,0.9131753857093524,5,3,2
1,3,0.3726314708376237,0.7515149724026108,3,6,2
2,4,0.5623846041271128,0.7201241888451354,4,9,3
3,3,0.34009872120980583,0.7059121623443849,3,12,3
4,6,0.30252582248727616,0.7664777878191598,6,15,6
5,4,0.0,0.6078372934409185,4,18,7
6,2,0.7469983744595985,0.8131236140188445,2,20,7
7,7,0.5358190021520984,0.8393659187499356,7,24,10
8,6,0.5868314092460967,0.7580062689185978,6,26,14
9,7,0.589050212544096,0.6094228740020448,7,30,17
10,10,0.643285862634424,0.6911489908849061,10,36,21
11,6,0.7048343947778055,0.7608219919760982,6,35,28
12,8,0.7155257808713639,0.7310195707298018,8,32,39
13,9,0.7088856021566228,0.7178770825497478,9,35,44
14,8,0.6998151443567834,0.7067910818116744,8,40,47
15,15,0.672483933382434,0.6805756962648662,15,42,59
16,5,0.6633964152450396,0.6678021474829705,5,35,65
17,12,0.6390416549996666,0.6520307539363897,12,18,75
18,8,0.6166021025027296,0.6214622000000456,8,23,78
19,12,0.5956406187076202,0.6059841836906272,12,31,82
20,7,0.5848861586497617,0.5941194604627263,7,35,85
21,13,0.5627820373654273,0.5698212097990013,13,44,89
22,11,0.5400715636867811,0.5536780151595212,11,51,93
23,5,0.5298978818353763,0.5298978840618355,5,54,95
24,7,0.5163436471460793,0.5492448198906872,7,55,99
25,11,0.4907779744412146,0.500799791756496,11,53,106
26,9,0.47693033207538227,0.5254876188895965,9,57,110
27,13,0.4565965349643363,0.46619192546986415,13,64,115
28,7,0.4402035298533417,0.44303945486417706,7,66,120
29,6,0.4197378562924766,0.43450021458385857,6,64,128
30,6,0.4087214546808927,0.5409445868505394,6,66,132
31,8,0.38896623421193427,0.39541777796865474,8,72,134
32,7,0.38005117482525713,0.3825794813100533,7,65,148
33,7,0.35777139974958194,0.36224077265580956,7,69,150
34,7,0.35069224679630345,0.35439586833227493,7,70,156
35,6,0.3318544310292857,0.3361828829744769,6,74,157
36,4,0.3147201190250811,0.3284444453760479,4,68,163
37,5,0.3042701418197706,0.3056425223765621,5,66,166
38,5,0.2936560966424363,0.2975916831079335,5,61,168
39,9,0.2755486491030775,0.2795136847846841,9,66,171
40,4,0.2667616763768433,0.2726972018779804,4,71,170
41,4,0.2529828696746572,0.2619803503898436,4,77,167
42,4,0.24396386962678254,0.2468992560583125,4,81,167
43,4,0.2322063111266627,0.2389659514901681,4,83,169
44,3,0.22344500251233432,0.2271671239548579,3,84,170
45,7,0.20818080012141774,0.21121649555858932,7,78,173
46,5,0.19627312735258387,0.20075158242715363,5,72,174
47,4,0.1903187076132434,0.19206578841824984,4,75,175
0,5,0.6965087354348776,0.9131753857093524,5,3,2
1,3,0.3726314708376237,0.7515149724026108,3,6,2
2,4,0.5623846041271128,0.7201241888451354,4,9,3
3,3,0.34009872120980583,0.7059121623443849,3,12,3
4,6,0.30252582248727616,0.7664777878191598,6,15,6
5,4,0.0,0.6078372934409185,4,18,7
6,2,0.7469983744595985,0.8131236140188445,2,20,7
7,7,0.5358190021520984,0.8393659187499356,7,24,10
8,6,0.5868314092460967,0.7580062689185978,6,26,14
9,7,0.589050212544096,0.6094228740020448,7,30,17
10,10,0.643285862634424,0.6911489908849061,10,36,21
11,6,0.7048343947778055,0.7608219919760982,6,35,28
12,8,0.7155257808713639,0.7310195707298018,8,32,39
13,9,0.7088856021566228,0.7178770825497478,9,35,44
14,8,0.6998151443567834,0.7067910818116744,8,40,47
15,15,0.672483933382434,0.6805756962648662,15,42,59
16,5,0.6633964152450396,0.6678021474829705,5,35,65
17,12,0.6390416549996666,0.6520307539363897,12,18,75
18,8,0.6166021025027296,0.6214622000000456,8,23,78
19,12,0.5956406187076202,0.6059841836906272,12,31,82
20,7,0.5848861586497617,0.5941194604627263,7,35,85
21,13,0.5627820373654273,0.5698212097990013,13,44,89
22,11,0.5400715636867811,0.5536780151595212,11,51,93
23,5,0.5298978818353763,0.5298978840618355,5,54,95
24,7,0.5163436471460793,0.5492448198906872,7,55,99
25,11,0.4907779744412146,0.500799791756496,11,53,106
26,9,0.47693033207538227,0.5254876188895965,9,57,110
27,13,0.4565965349643363,0.46619192546986415,13,64,115
28,7,0.4402035298533417,0.44303945486417706,7,66,120
29,6,0.4197378562924766,0.43450021458385857,6,64,128
30,6,0.4087214546808927,0.5409445868505394,6,66,132
31,8,0.38896623421193427,0.39541777796865474,8,72,134
32,7,0.38005117482525713,0.3825794813100533,7,65,148
33,7,0.35777139974958194,0.36224077265580956,7,69,150
34,7,0.35069224679630345,0.35439586833227493,7,70,156
35,6,0.3318544310292857,0.3361828829744769,6,74,157
36,4,0.3147201190250811,0.3284444453760479,4,68,163
37,5,0.3042701418197706,0.3056425223765621,5,66,166
38,5,0.2936560966424363,0.2975916831079335,5,61,168
39,9,0.2755486491030775,0.2795136847846841,9,66,171
40,4,0.2667616763768433,0.2726972018779804,4,71,170
41,4,0.2529828696746572,0.2619803503898436,4,77,167
42,4,0.24396386962678254,0.2468992560583125,4,81,167
43,4,0.2322063111266627,0.2389659514901681,4,83,169
44,3,0.22344500251233432,0.2271671239548579,3,84,170
45,7,0.20818080012141774,0.21121649555858932,7,78,173
46,5,0.19627312735258387,0.20075158242715363,5,72,174
47,4,0.1903187076132434,0.19206578841824984,4,75,175
0,5,0.6965087354348776,0.9131753857093524,5,3,2
1,3,0.3726314708376237,0.7515149724026108,3,6,2
2,4,0.5623846041271128,0.7201241888451354,4,9,3
3,3,0.34009872120980583,0.7059121623443849,3,12,3
4,6,0.30252582248727616,0.7664777878191598,6,15,6
5,4,0.0,0.6078372934409185,4,18,7
6,2,0.7469983744595985,0.8131236140188445,2,20,7
7,7,0.5358190021520984,0.8393659187499356,7,24,10
8,6,0.5868314092460967,0.7580062689185978,6,26,14
9,7,0.589050212544096,0.6094228740020448,7,30,17
10,10,0.643285862634424,0.6911489908849061,10,36,21
11,6,0.7048343947778055,0.7608219919760982,6,35,28
12,8,0.7155257808713639,0.7310195707298018,8,32,39
13,9,0.7088856021566228,0.7178770825497478,9,35,44
14,8,0.6998151443567834,0.7067910818116744,8,40,47
15,15,0.672483933382434,0.6805756962648662,15,42,59
16,5,0.6633964152450396,0.6678021474829705,5,35,65
17,12,0.6390416549996666,0.6520307539363897,12,18,75
18,8,0.6166021025027296,0.6214622000000456,8,23,78
19,12,0.5956406187076202,0.6059841836906272,12,31,82
20,7,0.5848861586497617,0.5941194604627263,7,35,85
21,13,0.5627820373654273,0.5698212097990013,13,44,89
22,11,0.5400715636867811,0.5536780151595212,11,51,93
23,5,0.5298978818353763,0.5298978840618355,5,54,95
24,7,0.5163436471460793,0.5492448198906872,7,55,99
25,11,0.4907779744412146,0.500799791756496,11,53,106
26,9,0.47693033207538227,0.5254876188895965,9,57,110
27,13,0.4565965349643363,0.46619192546986415,13,64,115
28,7,0.4402035298533417,0.44303945486417706,7,66,120
29,6,0.4197378562924766,0.43450021458385857,6,64,128
30,6,0.4087214546808927,0.5409445868505394,6,66,132
31,8,0.38896623421193427,0.39541777796865474,8,72,134
32,7,0.38005117482525713,0.3825794813100533,7,65,148
33,7,0.35777139974958194,0.36224077265580956,7,69,150
34,7,0.35069224679630345,0.35439586833227493,7,70,156
35,6,0.3318544310292857,0.3361828829744769,6,74,157
36,4,0.3147201190250811,0.3284444453760479,4,68,163
37,5,0.3042701418197706,0.3056425223765621,5,66,166
38,5,0.2936560966424363,0.2975916831079335,5,61,168
39,9,0.2755486491030775,0.2795136847846841,9,66,171
40,4,0.2667616763768433,0.2726972018779804,4,71,170
41,4,0.2529828696746572,0.2619803503898436,4,77,167
42,4,0.24396386962678254,0.2468992560583125,4,81,167
43,4,0.2322063111266627,0.2389659514901681,4,83,169
44,3,0.22344500251233432,0.2271671239548579,3,84,170
45,7,0.20818080012141774,0.21121649555858932,7,78,173
46,5,0.19627312735258387,0.20075158242715363,5,72,174
47,4,0.1903187076132434,0.19206578841824984,4,75,175
0,5,0.6965087354348776,0.9131753857093524,5,3,2
1,3,0.3726314708376237,0.7515149724026108,3,6,2
2,4,0.5623846041271128,0.7201241888451354,4,9,3
3,3,0.34009872120980583,0.7059121623443849,3,12,3
4,6,0.30252582248727616,0.7664777878191598,6,15,6
5,4,0.0,0.6078372934409185,4,18,7
6,2,0.7469983744595985,0.8131236140188445,2,20,7
7,7,0.5358190021520984,0.8393659187499356,7,24,10
8,6,0.5868314092460967,0.7580062689185978,6,26,14
9,7,0.589050212544096,0.6094228740020448,7,30,17
10,10,0.643285862634424,0.6911489908849061,10,36,21
11,6,0.7048343947778055,0.7608219919760982,6,35,28
12,8,0.7155257808713639,0.7310195707298018,8,32,39
13,9,0.7088856021566228,0.7178770825497478,9,35,44
14,8,0.6998151443567834,0.7067910818116744,8,40,47
15,15,0.672483933382434,0.6805756962648662,15,42,59
16,5,0.6633964152450396,0.6678021474829705,5,35,65
17,12,0.6390416549996666,0.6520307539363897,12,18,75
18,8,0.6166021025027296,0.6214622000000456,8,23,78
19,12,0.5956406187076202,0.6059841836906272,12,31,82
20,7,0.5848861586497617,0.5941194604627263,7,35,85
21,13,0.5627820373654273,0.5698212097990013,13,44,89
22,11,0.5400715636867811,0.5536780151595212,11,51,93
23,5,0.5298978818353763,0.5298978840618355,5,54,95
24,7,0.5163436471460793,0.5492448198906872,7,55,99
25,11,0.4907779744412146,0.500799791756496,11,53,106
26,9,0.47693033207538227,0.5254876188895965,9,57,110
27,13,0.4565965349643363,0.46619192546986415,13,64,115
28,7,0.4402035298533417,0.44303945486417706,7,66,120
29,6,0.4197378562924766,0.43450021458385857,6,64,128
30,6,0.4087214546808927,0.5409445868505394,6,66,132
31,8,0.38896623421193427,0.39541777796865474,8,72,134
32,7,0.38005117482525713,0.3825794813100533,7,65,148
33,7,0.35777139974958194,0.36224077265580956,7,69,150
34,7,0.35069224679630345,0.35439586833227493,7,70,156
35,6,0.3318544310292857,0.3361828829744769,6,74,157
36,4,0.3147201190250811,0.3284444453760479,4,68,163
37,5,0.3042701418197706,0.3056425223765621,5,66,166
38,5,0.2936560966424363,0.2975916831079335,5,61,168
39,9,0.2755486491030775,0.2795136847846841,9,66,171
40,4,0.2667616763768433,0.2726972018779804,4,71,170
41,4,0.2529828696746572,0.2619803503898436,4,77,167
42,4,0.24396386962678254,0.2468992560583125,4,81,167
43,4,0.2322063111266627,0.2389659514901681,4,83,169
44,3,0.22344500251233432,0.2271671239548579,3,84,170
45,7,0.20818080012141774,0.21121649555858932,7,78,173
46,5,0.19627312735258387,0.20075158242715363,5,72,174
47,4,0.1903187076132434,0.19206578841824984,4,75,175
0,15,0.0,0.9245265993116305,15,9,6
1,0,0.0,0.0,0,9,6
2,24,0.5944260237161583,0.9380801916982358,22,25,12
3,6,0.5994667455674263,0.6364259433880468,6,29,14
4,22,0.0,0.890952960806732,22,45,20
5,8,0.010488745762920458,0.8821353560339248,8,50,23
6,14,0.4710956275342845,0.7156434307945349,14,59,28
7,16,0.6779858834512241,0.8335077351176595,16,68,35
8,20,0.5676613908393983,0.6435561313654977,18,75,46
9,38,0.5782003020115589,0.7756019448776399,38,95,64
10,14,0.6384491326045233,0.6553876463961541,14,104,69
11,12,0.6968701073608825,0.7433757461286662,12,107,78
12,22,0.726762420135513,0.7473857950653677,22,110,97
13,32,0.7153099482024607,0.7226101120214898,32,104,132
14,23,0.6881874143062603,0.7003372363148703,23,120,139
15,46,0.6748940849386853,0.6820243934831859,46,125,174
16,17,0.6646336374726572,0.6655241050773554,17,100,199
17,20,0.640973147165823,0.6421487008766917,20,67,214
18,36,0.6319066473362068,0.631910532137198,36,92,225
19,26,0.6079553143472773,0.6276475519322043,26,111,232
20,31,0.5782312672817082,0.5836612152157431,31,118,244
21,49,0.5602163804058682,0.572639225824713,47,136,261
22,5,0.5463002909564808,0.5728727059274805,5,140,262
23,39,0.5275822593344744,0.5322236727256029,39,167,274
24,19,0.5022635765653545,0.5153687605966171,18,156,286
25,23,0.48871547796307946,0.651534626817005,23,157,296
26,41,0.4750972156093233,0.4758835625934108,41,185,309
27,26,0.4558566658748606,0.46748072210480235,26,194,321
28,22,0.43440319839006847,0.4480123049154168,22,195,335
29,22,0.4227160537870192,0.4247132506894818,22,210,342
30,11,0.40903762961154927,0.41477079092524205,11,188,375
31,27,0.3906867122973886,0.39789341596952454,27,201,389
32,28,0.37354716550039546,0.37805979434017156,27,221,396
33,16,0.36068915763368825,0.36552554163488815,16,203,416
34,22,0.34697242002469547,0.34951449621546204,22,217,422
35,11,0.3282843695595274,0.33401008452382625,11,213,437
36,15,0.31584156954616194,0.3261701655360161,15,225,440
37,12,0.30491231515748074,0.30620073096075234,12,235,442
38,25,0.2864380432834762,0.29352738142601054,24,221,460
39,13,0.2764963761324591,0.28497820197527435,13,213,469
40,16,0.2695665506190611,0.27362488261934587,16,229,468
41,11,0.2521341841910157,0.25623401075529534,11,240,468
42,13,0.2493060884765087,0.25103738095747186,13,251,468
43,9,0.2353727971174359,0.2356830886891663,9,260,466
44,18,0.21722324952873476,0.22171968482716528,18,247,485
45,17,0.20542567716950152,0.21432752725436696,17,232,498
46,7,0.20027464259788338,0.2027540145656048,7,241,486
47,17,0.18832019828418217,0.191456660318867,17,239,490
0,3,0.7,0.82,3,3,0
1,0,0.0,0.0,0,3,0
2,12,0.5944260237161583,0.8666561341887649,12,12,3
3,0,0.0,0.0,0,12,3
4,12,0.21166454319093295,0.8049089351251085,12,21,6
5,0,0.0,0.0,0,21,6
6,0,0.0,0.0,0,21,6
7,0,0.0,0.0,0,20,7
8,12,0.5736327843156123,0.7867373235056428,12,28,11
9,24,0.577559585225204,0.7922047934307126,24,43,20
10,0,0.0,0.0,0,38,25
11,0,0.0,0.0,0,33,28
12,0,0.0,0.0,0,26,35
13,12,0.7176775320003468,0.7211348623837743,12,34,39
14,11,0.7003372363148703,0.7015171511617869,11,42,42
15,22,0.681820838661506,0.6819449118135066,21,57,48
16,1,0.6892524390233432,0.6892524390233432,1,15,73
17,0,0.0,0.0,0,15,73
18,22,0.6319066489052693,0.6319071062976448,22,31,79
19,0,0.0,0.0,0,31,79
20,9,0.5836612109054354,0.5836614208811726,9,37,82
21,24,0.5530945511387256,0.5715935945997828,23,53,89
22,1,0.5784802018086295,0.5784802018086295,1,54,89
23,16,0.5322236699316123,0.5322236727256029,16,64,95
24,0,0.0,0.0,0,35,110
25,0,0.0,0.0,0,35,110
26,19,0.47509721560934576,0.47509721563334956,19,32,132
27,14,0.46748072210057817,0.4860915167797349,14,42,136
28,12,0.43440319838950736,0.43440319839135805,12,50,140
29,0,0.0,0.0,0,50,140
30,2,0.4103047773442222,0.4103047773442222,2,58,134
31,8,0.3936735037403346,0.39367350374033466,8,32,155
32,13,0.3679820575283758,0.37805979434017156,13,41,159
33,0,0.0,0.0,0,45,155
34,11,0.3404492220361202,0.34951449621546204,11,53,158
35,0,0.0,0.0,0,54,157
36,6,0.31584156954616194,0.31584156954616194,6,24,184
37,0,0.0,0.0,0,24,184
38,13,0.2864380432834762,0.28933896214983784,13,35,185
39,2,0.2764963761324591,0.2764963761324591,2,41,178
40,7,0.27362488261934587,0.27362488261934587,7,23,197
41,0,0.0,0.0,0,23,197
42,5,0.2493060884765087,0.2493060884765087,5,25,200
43,2,0.2353727971174359,0.2353727971174359,2,29,196
44,9,0.21722324952873476,0.21722324952873476,9,33,201
45,6,0.20542567716950152,0.20542567716950152,6,39,201
46,0,0.0,0.0,0,39,201
47,5,0.18832019828418217,0.18832019828418217,5,45,200
0,3,0.7,0.82,3,3,0
1,0,0.0,0.0,0,3,0
2,28,0.9314416216402841,0.941417218622696,28,23,8
3,0,0.0,0.0,0,23,8
4,4,0.0,0.6041395418679876,4,26,9
5,0,0.0,0.0,0,26,9
6,6,0.0427370491450221,0.5181312185419704,6,30,11
7,4,0.8358460817865797,0.8358460817865797,4,32,13
8,24,0.8139972874744094,0.8328235607496417,24,48,21
9,8,0.5761399473683524,0.5825471152319016,8,42,35
10,0,0.0,0.0,0,34,43
11,0,0.0,0.0,0,34,43
12,0,0.0,0.0,0,31,46
13,4,0.7176675852296379,0.7176926132291049,4,29,51
14,29,0.6916100972477611,0.7015171511617869,29,49,60
15,8,0.6818206627769786,0.6818214647783047,8,54,63
16,0,0.0,0.0,0,11,88
17,5,0.6526871424940343,0.6526875335043643,5,14,90
18,8,0.6319066473362068,0.6319066598674775,8,20,92
19,0,0.0,0.0,0,20,92
20,17,0.5818114600151967,0.5896935221404277,17,32,97
21,10,0.5530945073415625,0.5715935436505544,10,39,100
22,0,0.0,0.0,0,39,100
23,9,0.5228538960085155,0.5322236699318318,9,30,114
24,3,0.5634074352761965,0.5933620431018263,3,32,115
25,0,0.0,0.0,0,32,115
26,21,0.4747045296210448,0.4750972156165608,21,37,131
27,10,0.4620079734641163,0.5233131061152969,10,44,134
28,5,0.43440319838950736,0.43440319838951413,5,47,136
29,0,0.0,0.0,0,16,151
30,1,0.4103047773442222,0.4103047773442222,1,20,148
31,4,0.3936735037403346,0.3939381552915728,4,24,148
32,12,0.3701573563872127,0.37805979434017156,12,24,156
33,3,0.3549717873728495,0.35591677110065467,3,31,152
34,5,0.34226227687198857,0.34951449621546204,5,34,154
35,0,0.0,0.0,0,35,153
36,0,0.0,0.0,0,24,164
37,0,0.0,0.0,0,24,164
38,0,0.0,0.0,0,25,163
39,0,0.0,0.0,0,29,157
40,0,0.0,0.0,0,30,156
41,0,0.0,0.0,0,30,156
42,0,0.0,0.0,0,21,164
43,0,0.0,0.0,0,21,164
44,0,0.0,0.0,0,21,164
45,0,0.0,0.0,0,21,164
46,0,0.0,0.0,0,21,164
47,0,0.0,0.0,0,14,168
0,3,0.7,0.82,3,3,0
1,0,0.0,0.0,0,3,0
2,28,0.9314416216402841,0.941417218622696,28,23,8
3,6,0.02448991706210941,0.5994667455674263,6,27,10
4,4,0.0,0.6041395418679876,4,30,11
5,0,0.0,0.0,0,30,11
6,0,0.0,0.0,0,30,11
7,4,0.8358460817865797,0.8358460817865797,4,32,13
8,30,0.6758097705852133,0.8239104621509185,30,52,23
9,8,0.5761399473683524,0.5825471152319016,8,46,37
10,6,0.6444267246929611,0.645847607962228,6,46,43
11,0,0.0,0.0,0,35,53
12,0,0.0,0.0,0,34,54
13,4,0.7176675852296379,0.7176926132291049,4,37,55
14,35,0.6916100972477611,0.7003372363148703,35,61,66
15,8,0.6818206627769786,0.6818214647783047,8,66,69
16,0,0.0,0.0,0,15,98
17,5,0.6526871424940343,0.6526875335043643,5,18,100
18,8,0.6319066473362068,0.6319066598674775,8,24,102
19,0,0.0,0.0,0,24,102
20,21,0.5787720008621176,0.5836614208811726,21,39,108
21,18,0.564843008345449,0.5715935436428647,17,51,113
22,1,0.5779630922071515,0.5779630922071515,1,52,113
23,6,0.532223669928112,0.532224933387252,6,41,130
24,4,0.5153687605976985,0.5338318845382319,4,44,131
25,0,0.0,0.0,0,44,131
26,25,0.4747045296210448,0.4750972156153967,25,52,148
27,6,0.46748072210057817,0.5605346954584312,6,56,150
28,11,0.4344031983895158,0.4499387594953258,11,63,154
29,0,0.0,0.0,0,63,154
30,4,0.3987318868902985,0.3998891759356911,4,68,153
31,4,0.3936735037403346,0.3939381552915728,4,71,154
32,12,0.3701573563872127,0.37805979434017156,12,27,193
33,3,0.36797343712714725,0.36960536745531997,3,35,188
34,6,0.3404492220361202,0.34951449621546204,6,39,190
35,2,0.34130787676043123,0.34130787676043123,2,41,190
36,0,0.0,0.0,0,28,203
37,0,0.0,0.0,0,29,201
38,0,0.0,0.0,0,30,199
39,0,0.0,0.0,0,34,193
40,0,0.0,0.0,0,35,192
41,0,0.0,0.0,0,36,191
42,0,0.0,0.0,0,39,185
43,0,0.0,0.0,0,28,196
44,0,0.0,0.0,0,28,196
45,0,0.0,0.0,0,28,196
46,0,0.0,0.0,0,24,200
47,0,0.0,0.0,0,24,200
0,3,0.7,0.82,3,3,0
1,0,0.0,0.0,0,3,0
2,28,0.9314416216402841,0.941417218622696,28,23,8
3,6,0.02448991706210941,0.5994667455674263,6,27,10
4,4,0.0,0.6041395418679876,4,30,11
5,0,0.0,0.0,0,30,11
6,0,0.0,0.0,0,30,11
7,3,0.8358460817865797,0.8358460817865797,3,31,13
8,26,0.6193659019507112,0.8239104621509185,26,48,22
9,8,0.5761399473683524,0.5825471152319016,8,42,36
10,5,0.644566174389518,0.645847607962228,5,41,42
11,0,0.0,0.0,0,30,52
12,0,0.0,0.0,0,29,53
13,4,0.7176675852296379,0.7176926132291049,4,32,54
14,21,0.6916100972477611,0.7015171511617869,21,47,60
15,6,0.6818206627769786,0.6818831882959057,6,50,63
16,0,0.0,0.0,0,3,88
17,3,0.6526871421317259,0.6716122973090554,3,5,89
18,4,0.6319066473362068,0.6319066740409399,4,8,90
19,0,0.0,0.0,0,8,90
20,13,0.5817055251639852,0.5896935221404277,13,17,94
21,12,0.5667115315034071,0.6241678274781277,12,31,92
22,0,0.0,0.0,0,31,92
23,3,0.5322236699285925,0.5322246806950267,3,29,96
24,3,0.515368760597338,0.5892212563586912,3,31,97
25,0,0.0,0.0,0,32,94
26,16,0.4739207793367525,0.47509721561025187,16,37,105
27,4,0.46748072210057817,0.6535886688162669,4,38,106
28,11,0.4344031983895158,0.4499387594953258,11,45,110
29,0,0.0,0.0,0,23,125
30,4,0.3987318868902985,0.3998891759356911,4,27,125
31,4,0.3936735037403346,0.3939381552915728,4,30,126
32,12,0.3701573563872127,0.37805979434017156,12,34,132
33,3,0.36797343712714725,0.36960536745531997,3,40,129
34,6,0.3404492220361202,0.34951449621546204,6,44,131
35,2,0.34130787676043123,0.34130787676043123,2,46,131
36,0,0.0,0.0,0,16,152
37,0,0.0,0.0,0,17,151
38,0,0.0,0.0,0,18,150
39,0,0.0,0.0,0,22,142
40,0,0.0,0.0,0,22,142
41,0,0.0,0.0,0,22,142
42,0,0.0,0.0,0,25,133
43,0,0.0,0.0,0,19,139
44,0,0.0,0.0,0,19,139
45,0,0.0,0.0,0,15,142
46,0,0.0,0.0,0,15,142
47,0,0.0,0.0,0,15,142
0,3,0.7,0.82,3,3,0
1,0,0.0,0.0,0,3,0
2,28,0.9314416216402841,0.941417218622696,28,23,8
3,6,0.02448991706210941,0.5994667455674263,6,27,10
4,4,0.0,0.6041395418679876,4,30,11
5,0,0.0,0.0,0,30,11
6,0,0.0,0.0,0,30,11
7,3,0.8358460817865797,0.8358460817865797,3,31,13
8,26,0.6193659019507112,0.8239104621509185,26,48,22
9,8,0.5761399473683524,0.5825471152319016,8,42,36
10,5,0.644566174389518,0.645847607962228,5,41,42
11,0,0.0,0.0,0,30,52
12,0,0.0,0.0,0,29,53
13,4,0.7176675852296379,0.7176926132291049,4,32,54
14,21,0.6916100972477611,0.7015171511617869,21,47,60
15,6,0.6818206627769786,0.6818831882959057,6,50,63
16,0,0.0,0.0,0,3,88
17,3,0.6526871421317259,0.6716122973090554,3,5,89
18,4,0.6319066473362068,0.6319066740409399,4,8,90
19,0,0.0,0.0,0,8,90
20,13,0.5817055251639852,0.5896935221404277,13,17,94
21,12,0.5667115315034071,0.6241678274781277,12,31,92
22,0,0.0,0.0,0,31,92
23,3,0.5322236699285925,0.5322246806950267,3,29,96
24,3,0.515368760597338,0.5892212563586912,3,31,97
25,0,0.0,0.0,0,32,94
26,16,0.4739207793367525,0.47509721561025187,16,37,105
27,4,0.46748072210057817,0.6535886688162669,4,38,106
28,8,0.4444782963778074,0.526601382424934,8,43,109
29,0,0.0,0.0,0,21,124
30,3,0.3987318868902985,0.403361043071868,3,24,124
31,3,0.3936735037403346,0.3947321099452873,3,26,125
32,9,0.3752330537244986,0.3780597943401748,9,29,130
33,3,0.36797343712714725,0.36960536745531997,3,35,127
34,5,0.3404492220361202,0.3477014413795937,5,39,128
35,2,0.34130787676043123,0.34130787676043123,2,40,129
36,0,0.0,0.0,0,14,148
37,0,0.0,0.0,0,15,147
38,0,0.0,0.0,0,16,146
39,0,0.0,0.0,0,19,141
40,0,0.0,0.0,0,20,140
41,0,0.0,0.0,0,20,140
42,0,0.0,0.0,0,23,131
43,0,0.0,0.0,0,18,136
44,0,0.0,0.0,0,18,136
45,0,0.0,0.0,0,15,138
46,0,0.0,0.0,0,15,138
47,0,0.0,0.0,0,15,138
0,3,0.7,0.82,3,3,0
1,0,0.0,0.0,0,3,0
2,28,0.9314416216402841,0.941417218622696,28,23,8
3,6,0.5286305177737168,0.5994667455674263,6,27,10
4,4,0.4565259589998232,0.6041395418679876,4,30,11
5,0,0.0,0.0,0,30,11
6,0,0.0,0.0,0,30,11
7,3,0.8358460817865797,0.8358460817865797,3,31,13
8,26,0.7042713410617774,0.8239104621509185,26,48,22
9,8,0.5767806641547073,0.6224637581663642,8,42,36
10,5,0.644566174389518,0.6891695215924456,5,41,42
11,0,0.0,0.0,0,30,52
12,0,0.0,0.0,0,29,53
13,4,0.7176675852296379,0.724256529775572,4,32,54
14,21,0.6916100972477611,0.7015171511617869,21,47,60
15,6,0.6818210637776416,0.6819449118135066,6,50,63
16,0,0.0,0.0,0,3,88
17,3,0.6526871421317259,0.6716122973090554,3,5,89
18,4,0.6319066473362068,0.6319066740409399,4,8,90
19,0,0.0,0.0,0,8,90
20,13,0.583661208031897,0.5896935221404277,13,17,94
21,12,0.5667115315034071,0.6241678274781277,12,31,92
22,0,0.0,0.0,0,31,92
23,3,0.5322236699285925,0.5322246806950267,3,29,96
24,3,0.515368760597338,0.5892212563586912,3,32,95
25,0,0.0,0.0,0,33,92
26,16,0.4747045296210448,0.47509721562739693,16,38,103
27,4,0.46748072210057817,0.6552007837343549,4,37,107
28,8,0.4444782963778074,0.526601382424934,8,42,110
29,0,0.0,0.0,0,21,125
30,3,0.3987318868902985,0.403361043071868,3,24,125
31,3,0.3936735037403346,0.3947321099452873,3,26,126
32,9,0.3752330537244986,0.39157244781734946,9,28,132
33,3,0.36797343712714725,0.36960536745531997,3,33,130
34,5,0.3404492220361202,0.3477014413795937,5,37,131
35,2,0.34130787676043123,0.34130787676043123,2,38,132
36,0,0.0,0.0,0,14,150
37,0,0.0,0.0,0,15,149
38,0,0.0,0.0,0,16,148
39,0,0.0,0.0,0,19,142
40,0,0.0,0.0,0,19,142
41,0,0.0,0.0,0,19,142
42,0,0.0,0.0,0,22,132
43,0,0.0,0.0,0,16,137
44,0,0.0,0.0,0,16,137
45,0,0.0,0.0,0,12,140
46,0,0.0,0.0,0,12,140
47,0,0.0,0.0,0,12,140
0,2,0.7,0.7,2,2,0
1,0,0.0,0.0,0,2,0
2,4,0.4545921836070784,0.6251420290508732,4,5,1
3,6,0.42730879521035625,0.6263615134029783,6,9,3
4,4,0.35844475412944304,0.6210370745995716,4,12,4
5,0,0.0,0.0,0,12,4
6,0,0.0,0.0,0,12,4
7,0,0.0,0.0,0,11,5
8,9,0.5510982982932512,0.5924028137321686,9,17,8
9,7,0.5761399473683524,0.6154462121788036,7,20,12
10,4,0.6432784584096913,0.6442458159963406,4,19,17
11,0,0.0,0.0,0,14,21
12,0,0.0,0.0,0,13,22
13,3,0.7176675852296379,0.7463118217073963,3,15,23
14,10,0.699568358550653,0.700335340793418,10,22,26
15,5,0.6818206627769786,0.6818212580634749,5,13,33
16,0,0.0,0.0,0,5,36
17,2,0.6416183854549231,0.6416184052682865,2,6,37
18,4,0.6319066473362068,0.6319066473362068,4,9,38
19,0,0.0,0.0,0,9,38
20,5,0.579749673787257,0.5836612081513327,5,12,40
21,10,0.5715935435736585,0.5729218171060121,10,19,43
22,0,0.0,0.0,0,19,43
23,3,0.5322236699257089,0.5322236699267964,3,13,49
24,2,0.5245607976513772,0.5438603435707933,2,14,50
25,0,0.0,0.0,0,14,50
26,7,0.47292254026403474,0.4750972156093233,7,14,57
27,4,0.46748072210057817,0.48640990188437966,4,17,58
28,7,0.43440319838950736,0.4871240807365453,7,22,60
29,0,0.0,0.0,0,8,67
30,1,0.4103047773442219,0.4103047773442219,1,10,66
31,5,0.3936735037403346,0.47741554071426046,5,14,67
32,5,0.3679820575283758,0.3760442469778124,5,11,71
33,2,0.3630992965760258,0.3630992965760258,2,15,69
34,8,0.34951449621546204,0.3614189071281318,8,20,72
35,0,0.0,0.0,0,21,71
36,0,0.0,0.0,0,14,76
37,0,0.0,0.0,0,14,76
38,0,0.0,0.0,0,16,74
39,0,0.0,0.0,0,17,72
40,0,0.0,0.0,0,19,69
41,0,0.0,0.0,0,19,69
42,0,0.0,0.0,0,11,76
43,0,0.0,0.0,0,11,76
44,0,0.0,0.0,0,9,78
45,0,0.0,0.0,0,9,78
46,0,0.0,0.0,0,8,79
47,0,0.0,0.0,0,8,79
0,2,0.7,0.7,2,2,0
1,0,0.0,0.0,0,2,0
2,4,0.4545921836070784,0.6251420290508732,4,5,1
3,6,0.42730879521035625,0.6263615134029783,6,9,3
4,4,0.35844475412944304,0.6210370745995716,4,12,4
5,0,0.0,0.0,0,12,4
0,2,0.7,0.7,2,2,0
1,0,0.0,0.0,0,2,0
2,4,0.4545921836070784,0.6251420290508732,4,5,1
3,6,0.42730879521035625,0.6263615134029783,6,9,3
4,4,0.35844475412944304,0.6210370745995716,4,12,4
5,0,0.0,0.0,0,12,4
6,0,0.0,0.0,0,12,4
7,0,0.0,0.0,0,11,5
8,9,0.5510982982932512,0.5924028137321686,9,17,8
9,7,0.5761399473683524,0.6154462121788036,7,20,12
10,4,0.6432784584096913,0.6442458159963406,4,19,17
11,0,0.0,0.0,0,14,21
12,0,0.0,0.0,0,13,22
13,3,0.7176675852296379,0.7463118217073963,3,15,23
14,10,0.699568358550653,0.700335340793418,10,22,26
15,5,0.6818206627769786,0.6818212580634749,5,13,33
16,0,0.0,0.0,0,5,36
17,2,0.6416183854549231,0.6416184052682865,2,6,37
18,4,0.6319066473362068,0.6319066473362068,4,9,38
19,0,0.0,0.0,0,9,38
20,5,0.579749673787257,0.5836612081513327,5,12,40
21,10,0.5715935435736585,0.5729218171060121,10,19,43
22,0,0.0,0.0,0,19,43
23,3,0.5322236699257089,0.5322236699267964,3,13,49
24,2,0.5245607976513772,0.5438603435707933,2,14,50
25,0,0.0,0.0,0,14,50
26,7,0.47292254026403474,0.4750972156093233,7,14,57
27,4,0.46748072210057817,0.48640990188437966,4,17,58
28,7,0.43440319838950736,0.4871240807365453,7,22,60
29,0,0.0,0.0,0,8,67
30,1,0.4103047773442219,0.4103047773442219,1,10,66
31,5,0.3936735037403346,0.47741554071426046,5,14,67
32,5,0.3679820575283758,0.3760442469778124,5,11,71
33,2,0.3630992965760258,0.3630992965760258,2,15,69
34,8,0.34951449621546204,0.3614189071281318,8,20,72
35,0,0.0,0.0,0,21,71
36,0,0.0,0.0,0,14,76
37,0,0.0,0.0,0,14,76
38,0,0.0,0.0,0,16,74
39,0,0.0,0.0,0,17,72
40,0,0.0,0.0,0,19,69
41,0,0.0,0.0,0,19,69
42,0,0.0,0.0,0,11,76
43,0,0.0,0.0,0,11,76
44,0,0.0,0.0,0,9,78
45,0,0.0,0.0,0,9,78
46,0,0.0,0.0,0,8,79
47,0,0.0,0.0,0,8,79
0,2,0.7,0.7,2,2,0
1,0,0.0,0.0,0,2,0
2,4,0.4545921836070784,0.6251420290508732,4,5,1
3,6,0.42730879521035625,0.6263615134029783,6,9,3
4,4,0.35844475412944304,0.6210370745995716,4,12,4
5,0,0.0,0.0,0,12,4
6,0,0.0,0.0,0,12,4
7,0,0.0,0.0,0,11,5
8,9,0.5510982982932512,0.5924028137321686,9,17,8
9,7,0.5761399473683524,0.6154462121788036,7,20,12
10,4,0.6432784584096913,0.6442458159963406,4,19,17
11,0,0.0,0.0,0,14,21
12,0,0.0,0.0,0,13,22
13,3,0.7176675852296379,0.7463118217073963,3,15,23
14,10,0.699568358550653,0.700335340793418,10,22,26
15,5,0.6818206627769786,0.6818212580634749,5,13,33
16,0,0.0,0.0,0,5,36
17,2,0.6416183854549231,0.6416184052682865,2,6,37
18,4,0.6319066473362068,0.6319066473362068,4,9,38
19,0,0.0,0.0,0,9,38
20,5,0.579749673787257,0.5836612081513327,5,12,40
21,10,0.5715935435736585,0.5729218171060121,10,19,43
22,0,0.0,0.0,0,19,43
23,3,0.5322236699257089,0.5322236699267964,3,13,49
24,2,0.5245607976513772,0.5438603435707933,2,14,50
25,0,0.0,0.0,0,14,50
26,7,0.47292254026403474,0.4750972156093233,7,14,57
27,4,0.46748072210057817,0.48640990188437966,4,17,58
28,7,0.43440319838950736,0.4871240807365453,7,22,60
29,0,0.0,0.0,0,8,67
30,1,0.4103047773442219,0.4103047773442219,1,10,66
31,5,0.3936735037403346,0.47741554071426046,5,14,67
32,5,0.3679820575283758,0.3760442469778124,5,11,71
33,2,0.3630992965760258,0.3630992965760258,2,15,69
34,8,0.34951449621546204,0.3614189071281318,8,20,72
35,0,0.0,0.0,0,21,71
36,0,0.0,0.0,0,14,76
37,0,0.0,0.0,0,14,76
38,0,0.0,0.0,0,16,74
39,0,0.0,0.0,0,17,72
40,0,0.0,0.0,0,19,69
41,0,0.0,0.0,0,19,69
42,0,0.0,0.0,0,11,76
43,0,0.0,0.0,0,11,76
44,0,0.0,0.0,0,9,78
45,0,0.0,0.0,0,9,78
46,0,0.0,0.0,0,8,79
47,0,0.0,0.0,0,8,79
0,2,0.7,0.7,2,2,0
1,0,0.0,0.0,0,2,0
2,4,0.4545921836070784,0.6251420290508732,4,5,1
3,6,0.42730879521035625,0.6263615134029783,6,9,3
4,4,0.35844475412944304,0.6210370745995716,4,12,4
5,0,0.0,0.0,0,12,4
6,0,0.0,0.0,0,12,4
7,0,0.0,0.0,0,11,5
8,9,0.5510982982932512,0.5924028137321686,9,17,8
9,7,0.5761399473683524,0.6154462121788036,7,20,12
10,4,0.6432784584096913,0.6442458159963406,4,19,17
11,0,0.0,0.0,0,14,21
12,0,0.0,0.0,0,13,22
13,3,0.7176675852296379,0.7463118217073963,3,15,23
14,10,0.699568358550653,0.700335340793418,10,22,26
15,5,0.6818206627769786,0.6818212580634749,5,13,33
16,0,0.0,0.0,0,5,36
17,2,0.6416183854549231,0.6416184052682865,2,6,37
18,4,0.6319066473362068,0.6319066473362068,4,9,38
19,0,0.0,0.0,0,9,38
20,5,0.579749673787257,0.5836612081513327,5,12,40
21,10,0.5715935435736585,0.5729218171060121,10,19,43
22,0,0.0,0.0,0,19,43
23,3,0.5322236699257089,0.5322236699267964,3,13,49
24,2,0.5245607976513772,0.5438603435707933,2,14,50
25,0,0.0,0.0,0,14,50
26,7,0.47292254026403474,0.4750972156093233,7,14,57
27,4,0.46748072210057817,0.48640990188437966,4,17,58
28,7,0.43440319838950736,0.4871240807365453,7,22,60
29,0,0.0,0.0,0,8,67
30,1,0.4103047773442219,0.4103047773442219,1,10,66
31,5,0.3936735037403346,0.47741554071426046,5,14,67
32,5,0.3679820575283758,0.3760442469778124,5,11,71
33,2,0.3630992965760258,0.3630992965760258,2,15,69
34,8,0.34951449621546204,0.3614189071281318,8,20,72
35,0,0.0,0.0,0,21,71
36,0,0.0,0.0,0,14,76
37,0,0.0,0.0,0,14,76
38,0,0.0,0.0,0,16,74
39,0,0.0,0.0,0,17,72
40,0,0.0,0.0,0,19,69
41,0,0.0,0.0,0,19,69
42,0,0.0,0.0,0,11,76
43,0,0.0,0.0,0,11,76
44,0,0.0,0.0,0,9,78
45,0,0.0,0.0,0,9,78
46,0,0.0,0.0,0,8,79
47,0,0.0,0.0,0,8,79
0,2,0.7,0.7,2,2,0
1,0,0.0,0.0,0,2,0
2,4,0.4545921836070784,0.6251420290508732,4,5,1
3,6,0.42730879521035625,0.6263615134029783,6,9,3
4,4,0.35844475412944304,0.6210370745995716,4,12,4
5,0,0.0,0.0,0,12,4
6,0,0.0,0.0,0,12,4
7,0,0.0,0.0,0,11,5
8,9,0.5510982982932512,0.5924028137321686,9,17,8
9,7,0.5761399473683524,0.6154462121788036,7,20,12
10,4,0.6432784584096913,0.6442458159963406,4,19,17
11,0,0.0,0.0,0,14,21
12,0,0.0,0.0,0,13,22
13,3,0.7176675852296379,0.7463118217073963,3,15,23
14,10,0.699568358550653,0.700335340793418,10,22,26
15,5,0.6818206627769786,0.6818212580634749,5,13,33
16,0,0.0,0.0,0,5,36
17,2,0.6416183854549231,0.6416184052682865,2,6,37
18,4,0.6319066473362068,0.6319066473362068,4,9,38
19,0,0.0,0.0,0,9,38
20,5,0.579749673787257,0.5836612081513327,5,12,40
21,10,0.5715935435736585,0.5729218171060121,10,19,43
22,0,0.0,0.0,0,19,43
23,3,0.5322236699257089,0.5322236699267964,3,13,49
24,2,0.5245607976513772,0.5438603435707933,2,14,50
25,0,0.0,0.0,0,14,50
26,7,0.47292254026403474,0.4750972156093233,7,14,57
27,4,0.46748072210057817,0.48640990188437966,4,17,58
28,7,0.43440319838950736,0.4871240807365453,7,22,60
29,0,0.0,0.0,0,8,67
30,1,0.4103047773442219,0.4103047773442219,1,10,66
31,5,0.3936735037403346,0.47741554071426046,5,14,67
32,5,0.3679820575283758,0.3760442469778124,5,11,71
33,2,0.3630992965760258,0.3630992965760258,2,15,69
34,8,0.34951449621546204,0.3614189071281318,8,20,72
35,0,0.0,0.0,0,21,71
36,0,0.0,0.0,0,14,76
37,0,0.0,0.0,0,14,76
38,0,0.0,0.0,0,16,74
39,0,0.0,0.0,0,17,72
40,0,0.0,0.0,0,19,69
41,0,0.0,0.0,0,19,69
42,0,0.0,0.0,0,11,76
43,0,0.0,0.0,0,11,76
44,0,0.0,0.0,0,9,78
45,0,0.0,0.0,0,9,78
46,0,0.0,0.0,0,8,79
47,0,0.0,0.0,0,8,79
0,2,0.7,0.7,2,2,0
1,0,0.0,0.0,0,2,0
2,4,0.4545921836070784,0.6251420290508732,4,5,1
3,6,0.42730879521035625,0.6263615134029783,6,9,3
4,4,0.35844475412944304,0.6210370745995716,4,12,4
5,0,0.0,0.0,0,12,4
6,0,0.0,0.0,0,12,4
7,0,0.0,0.0,0,11,5
8,9,0.5510982982932512,0.5924028137321686,9,17,8
9,7,0.5761399473683524,0.6154462121788036,7,20,12
10,4,0.6432784584096913,0.6442458159963406,4,19,17
11,0,0.0,0.0,0,14,21
12,0,0.0,0.0,0,13,22
13,3,0.7176675852296379,0.7463118217073963,3,15,23
14,10,0.699568358550653,0.700335340793418,10,22,26
15,5,0.6818206627769786,0.6818212580634749,5,13,33
16,0,0.0,0.0,0,5,36
17,2,0.6416183854549231,0.6416184052682865,2,6,37
18,4,0.6319066473362068,0.6319066473362068,4,9,38
19,0,0.0,0.0,0,9,38
20,5,0.579749673787257,0.5836612081513327,5,12,40
21,10,0.5715935435736585,0.5729218171060121,10,19,43
22,0,0.0,0.0,0,19,43
23,3,0.5322236699257089,0.5322236699267964,3,13,49
24,2,0.5245607976513772,0.5438603435707933,2,14,50
25,0,0.0,0.0,0,14,50
26,7,0.47292254026403474,0.4750972156093233,7,14,57
27,4,0.46748072210057817,0.48640990188437966,4,17,58
28,7,0.43440319838950736,0.4871240807365453,7,22,60
29,0,0.0,0.0,0,8,67
30,1,0.4103047773442219,0.4103047773442219,1,10,66
31,5,0.3936735037403346,0.47741554071426046,5,14,67
32,5,0.3679820575283758,0.3760442469778124,5,11,71
33,2,0.3630992965760258,0.3630992965760258,2,15,69
34,8,0.34951449621546204,0.3614189071281318,8,20,72
35,0,0.0,0.0,0,21,71
36,0,0.0,0.0,0,14,76
37,0,0.0,0.0,0,14,76
38,0,0.0,0.0,0,16,74
39,0,0.0,0.0,0,17,72
40,0,0.0,0.0,0,19,69
41,0,0.0,0.0,0,19,69
42,0,0.0,0.0,0,11,76
43,0,0.0,0.0,0,11,76
44,0,0.0,0.0,0,9,78
45,0,0.0,0.0,0,9,78
46,0,0.0,0.0,0,8,79
47,0,0.0,0.0,0,8,79
0,2,0.7,0.7,2,2,0
1,0,0.0,0.0,0,2,0
2,4,0.4545921836070784,0.6251420290508732,4,5,1
3,6,0.42730879521035625,0.6263615134029783,6,9,2
4,4,0.35844475412944304,0.6210370745995716,4,12,3
5,0,0.0,0.0,0,12,2
6,0,0.0,0.0,0,12,2
7,0,0.0,0.0,0,11,2
8,9,0.5510982982932512,0.5924028137321686,9,17,5
9,7,0.5761399473683524,0.6154462121788036,7,20,7
10,4,0.6432784584096913,0.6442458159963406,4,19,8
11,0,0.0,0.0,0,14,10
12,0,0.0,0.0,0,13,10
13,3,0.7176675852296379,0.7463118217073963,3,15,11
14,10,0.699568358550653,0.700335340793418,10,22,13
15,5,0.6818206627769786,0.6818212580634749,5,13,17
16,0,0.0,0.0,0,5,15
17,2,0.6416183854549231,0.6416184052682865,2,6,16
18,4,0.6319066473362068,0.6319066473362068,4,9,17
19,0,0.0,0.0,0,9,16
20,5,0.579749673787257,0.5836612081513327,5,12,18
21,10,0.5715935435736585,0.5729218171060121,10,19,20
22,0,0.0,0.0,0,19,18
23,3,0.5322236699257089,0.5322236699267964,3,13,21
24,2,0.5245607976513772,0.5438603435707933,2,14,21
25,0,0.0,0.0,0,14,21
26,7,0.47292254026403474,0.4750972156093233,7,14,25
27,4,0.46748072210057817,0.48640990188437966,4,17,24
28,7,0.43440319838950736,0.4871240807365453,7,22,26
29,0,0.0,0.0,0,8,29
30,1,0.4103047773442219,0.4103047773442219,1,9,29
31,5,0.3936735037403346,0.47741554071426046,5,13,30
32,5,0.3679820575283758,0.3760442469778124,5,10,32
33,2,0.3630992965760258,0.3630992965760258,2,11,33
34,8,0.34951449621546204,0.3614189071281318,8,16,36
35,0,0.0,0.0,0,16,36
36,0,0.0,0.0,0,10,39
37,0,0.0,0.0,0,10,39
38,0,0.0,0.0,0,11,38
39,0,0.0,0.0,0,12,37
40,0,0.0,0.0,0,12,37
41,0,0.0,0.0,0,14,35
42,0,0.0,0.0,0,10,39
43,0,0.0,0.0,0,10,39
44,0,0.0,0.0,0,9,40
45,0,0.0,0.0,0,8,41
46,0,0.0,0.0,0,7,42
47,0,0.0,0.0,0,7,42
0,2,0.7,0.7,2,2,0
1,0,0.0,0.0,0,2,0
2,4,0.4545921836070784,0.6251420290508732,4,5,1
3,6,0.42730879521035625,0.6263615134029783,6,9,2
4,4,0.35844475412944304,0.6210370745995716,4,12,3
5,0,0.0,0.0,0,12,2
6,0,0.0,0.0,0,12,2
7,0,0.0,0.0,0,11,2
8,9,0.5510982982932512,0.5924028137321686,9,17,5
9,7,0.5761399473683524,0.6154462121788036,7,20,7
10,4,0.6432784584096913,0.6442458159963406,4,19,8
11,0,0.0,0.0,0,14,10
12,0,0.0,0.0,0,13,10
13,3,0.7176675852296379,0.7463118217073963,3,15,11
14,10,0.699568358550653,0.700335340793418,10,22,13
15,5,0.6818206627769786,0.6818212580634749,5,13,17
16,0,0.0,0.0,0,5,15
17,2,0.6416183854549231,0.6416184052682865,2,6,16
18,4,0.6319066473362068,0.6319066473362068,4,9,17
19,0,0.0,0.0,0,9,16
20,5,0.579749673787257,0.5836612081513327,5,12,18
21,10,0.5715935435736585,0.5729218171060121,10,19,20
22,0,0.0,0.0,0,19,18
23,3,0.5322236699257089,0.5322236699267964,3,13,21
24,2,0.5245607976513772,0.5438603435707933,2,14,21
25,0,0.0,0.0,0,14,21
26,7,0.47292254026403474,0.4750972156093233,7,14,25
27,4,0.46748072210057817,0.48640990188437966,4,17,24
28,7,0.43440319838950736,0.4871240807365453,7,22,26
29,0,0.0,0.0,0,8,29
30,1,0.4103047773442219,0.4103047773442219,1,9,29
31,5,0.3936735037403346,0.47741554071426046,5,13,30
32,5,0.3679820575283758,0.3760442469778124,5,10,32
33,2,0.3630992965760258,0.3630992965760258,2,11,33
34,8,0.34951449621546204,0.3614189071281318,8,16,36
35,0,0.0,0.0,0,16,36
36,0,0.0,0.0,0,10,39
37,0,0.0,0.0,0,10,39
38,0,0.0,0.0,0,11,38
39,0,0.0,0.0,0,12,37
40,0,0.0,0.0,0,12,37
41,0,0.0,0.0,0,14,35
42,0,0.0,0.0,0,10,39
43,0,0.0,0.0,0,10,39
44,0,0.0,0.0,0,9,40
45,0,0.0,0.0,0,8,41
46,0,0.0,0.0,0,7,42
47,0,0.0,0.0,0,7,42
0,30,0.45653604219039934,0.6707006741399196,30,21,9
1,0,0.0,0.0,0,21,9
2,4,0.4545921836070784,0.6251420290508732,4,24,10
3,0,0.0,0.0,0,24,9
4,34,0.3928005343737907,0.639368573098446,34,48,19
5,0,0.0,0.0,0,48,18
6,0,0.0,0.0,0,48,18
7,0,0.0,0.0,0,45,20
8,28,0.5473450251689012,0.5769008442366944,28,51,42
9,7,0.5761399473683524,0.6154462121788036,7,55,43
10,0,0.0,0.0,0,49,45
11,0,0.0,0.0,0,11,66
12,16,0.7142015019198776,0.7266883057485423,16,19,71
13,6,0.7233764585580839,0.7290931286178821,6,23,73
14,3,0.7003340283095658,0.7003357782880353,3,25,73
15,5,0.6818206627769786,0.6818212580634749,5,24,77
16,14,0.6613429918358484,0.6695948920772328,14,30,79
17,0,0.0,0.0,0,30,79
18,4,0.6319066473362068,0.6319066473362068,4,33,80
19,0,0.0,0.0,0,33,79
20,13,0.583661208044578,0.5957877621225784,13,42,83
21,6,0.56234402535971,0.5715935436140585,6,46,84
22,0,0.0,0.0,0,46,82
23,3,0.5322236699257089,0.5322236699267964,3,50,81
24,9,0.5134418923409662,0.5810983571496943,9,26,106
25,0,0.0,0.0,0,26,106
26,5,0.4750972156093233,0.4750972156093233,5,26,108
27,4,0.46748072210057817,0.48640990188437966,4,30,106
28,11,0.4463598565239667,0.4797857961602807,10,37,109
29,1,0.5302750184817198,0.5302750184817198,1,19,119
30,1,0.4103047773442219,0.4103047773442219,1,20,119
31,3,0.3936735037403346,0.3936735037403346,3,23,118
32,12,0.3729868878394986,0.46260084474119145,12,18,128
33,0,0.0,0.0,0,18,128
34,5,0.34226227687198857,0.34951449621546204,5,21,130
35,0,0.0,0.0,0,22,129
36,5,0.3728809158778156,0.5117863516001904,5,25,131
37,0,0.0,0.0,0,25,131
38,0,0.0,0.0,0,25,131
39,0,0.0,0.0,0,28,128
40,0,0.0,0.0,0,18,137
41,0,0.0,0.0,0,20,134
42,0,0.0,0.0,0,19,135
43,0,0.0,0.0,0,20,134
44,0,0.0,0.0,0,20,134
45,0,0.0,0.0,0,18,136
46,0,0.0,0.0,0,18,136
47,0,0.0,0.0,0,18,136
0,30,0.45653604219039934,0.6707006741399196,30,21,9
1,0,0.0,0.0,0,21,9
2,0,0.0,0.0,0,21,9
3,6,0.4099656941297012,0.6045843185029707,6,25,11
4,30,0.4007952183241385,0.6404449256910772,30,46,18
5,0,0.0,0.0,0,46,18
6,0,0.0,0.0,0,46,18
7,0,0.0,0.0,0,44,19
8,30,0.5477844169639108,0.5909285230757999,30,51,42
9,0,0.0,0.0,0,46,45
10,5,0.6435993983367372,0.6442458159963406,5,45,47
11,0,0.0,0.0,0,7,65
12,16,0.7142015019198776,0.7266883057485423,16,16,71
13,3,0.7290853318865298,0.7290915692716117,3,18,72
14,7,0.6924151166168104,0.6995690269379216,7,23,74
15,0,0.0,0.0,0,18,77
16,14,0.6613429918358484,0.6695948920772328,14,28,81
17,3,0.6482596352853293,0.6526871120566762,3,30,82
18,0,0.0,0.0,0,30,81
19,0,0.0,0.0,0,30,81
20,13,0.5836612077243138,0.5957877621225784,13,39,85
21,6,0.5679572135771385,0.5713324812752465,6,43,86
22,0,0.0,0.0,0,20,97
23,0,0.0,0.0,0,23,94
24,12,0.5116709249280793,0.5463771591678885,12,31,98
25,0,0.0,0.0,0,17,102
26,4,0.47083961859580686,0.4719269562684511,4,20,103
27,0,0.0,0.0,0,22,100
28,13,0.4463598565239667,0.49998148508885626,12,30,104
29,1,0.5302750184817198,0.5302750184817198,1,14,115
30,2,0.3987318868902985,0.3987318868902985,2,15,116
31,1,0.4945377844244414,0.4945377844244414,1,17,115
32,9,0.3793134017861637,0.45205839070853115,9,23,118
33,4,0.3652829171290019,0.36960536745531997,4,26,119
34,2,0.34895561588707813,0.360297474355022,2,19,125
35,2,0.34130787676043123,0.34130787676043123,2,21,125
36,5,0.3728809158778156,0.5117863516001904,5,24,127
37,0,0.0,0.0,0,25,125
38,0,0.0,0.0,0,25,125
39,0,0.0,0.0,0,26,124
40,0,0.0,0.0,0,28,120
41,0,0.0,0.0,0,29,118
42,0,0.0,0.0,0,29,118
43,0,0.0,0.0,0,30,117
44,0,0.0,0.0,0,12,130
45,0,0.0,0.0,0,11,131
46,0,0.0,0.0,0,10,132
47,0,0.0,0.0,0,10,132
0,0,0.0,0.0,0,0,0
1,0,0.0,0.0,0,0,0
2,0,0.0,0.0,0,0,0
3,0,0.0,0.0,0,0,0
4,0,0.0,0.0,0,0,0
5,0,0.0,0.0,0,0,0
6,0,0.0,0.0,0,0,0
7,0,0.0,0.0,0,0,0
8,0,0.0,0.0,0,0,0
9,0,0.0,0.0,0,0,0
10,0,0.0,0.0,0,0,0
11,0,0.0,0.0,0,0,0
12,0,0.0,0.0,0,0,0
13,0,0.0,0.0,0,0,0
14,0,0.0,0.0,0,0,0
15,0,0.0,0.0,0,0,0
16,0,0.0,0.0,0,0,0
17,0,0.0,0.0,0,0,0
18,0,0.0,0.0,0,0,0
19,0,0.0,0.0,0,0,0
20,0,0.0,0.0,0,0,0
21,0,0.0,0.0,0,0,0
22,0,0.0,0.0,0,0,0
23,0,0.0,0.0,0,0,0
24,0,0.0,0.0,0,0,0
25,0,0.0,0.0,0,0,0
26,0,0.0,0.0,0,0,0
27,0,0.0,0.0,0,0,0
28,0,0.0,0.0,0,0,0
29,0,0.0,0.0,0,0,0
30,0,0.0,0.0,0,0,0
31,0,0.0,0.0,0,0,0
32,0,0.0,0.0,0,0,0
33,0,0.0,0.0,0,0,0
34,0,0.0,0.0,0,0,0
35,0,0.0,0.0,0,0,0
36,0,0.0,0.0,0,0,0
37,0,0.0,0.0,0,0,0
38,0,0.0,0.0,0,0,0
39,0,0.0,0.0,0,0,0
40,0,0.0,0.0,0,0,0
41,0,0.0,0.0,0,0,0
42,0,0.0,0.0,0,0,0
43,0,0.0,0.0,0,0,0
44,0,0.0,0.0,0,0,0
45,0,0.0,0.0,0,0,0
46,0,0.0,0.0,0,0,0
47,0,0.0,0.0,0,0,0
0,27,0.0,0.6847928858544434,27,19,8
1,5,0.0,0.0,5,22,10
2,13,0.0,0.6454194218111475,13,31,14
3,13,0.0,0.5666847833943379,13,40,18
4,14,0.0,0.593047081664976,14,50,22
5,13,0.0,0.5132620731905555,13,59,26
6,17,0.0,0.5769713562088189,17,71,31
7,15,0.4461237248229737,0.5705680603647553,15,77,40
8,18,0.5551582562473798,0.584948085639062,18,76,59
9,19,0.5843788009976493,0.5911774754790333,19,84,70
10,13,0.6388244057898955,0.6463320206911459,12,75,91
11,15,0.7012362051812038,0.7125359017119761,14,75,105
12,19,0.7182829322246614,0.729472746948031,19,79,120
13,15,0.7118898545171142,0.7169220467872687,15,50,138
14,12,0.6979639667968268,0.7024837786634488,12,27,148
15,8,0.6746859875497184,0.6867036279693441,8,32,151
16,13,0.6583429353648148,0.6629882537378421,13,32,162
17,10,0.6311818441238065,0.6372447149284035,10,39,165
18,6,0.6166020953322522,0.6214587746177156,6,43,167
19,8,0.6067928545413427,0.6079553143472773,8,49,169
20,8,0.5748371471322041,0.5824623062514301,7,54,171
21,7,0.5606425105298906,0.572639225824713,7,59,173
22,5,0.5422302314640666,0.5551690225518237,5,62,175
23,5,0.5192654803392747,0.531013281939707,5,66,176
24,2,0.5184755235346925,0.5184755235346925,2,70,174
25,4,0.49206236206814774,0.5013062852096976,4,73,174
26,3,0.46792816728317577,0.4743472566976953,3,59,182
27,1,0.46710112067439513,0.46710112067439513,1,53,185
28,1,0.43683839128943897,0.43683839128943897,1,53,186
29,0,0.0,0.0,0,53,182
30,0,0.0,0.0,0,46,185
31,0,0.0,0.0,0,45,186
32,0,0.0,0.0,0,45,186
33,0,0.0,0.0,0,40,191
34,0,0.0,0.0,0,36,195
35,0,0.0,0.0,0,34,197
36,0,0.0,0.0,0,1,229
37,0,0.0,0.0,0,1,229
38,0,0.0,0.0,0,1,229
39,0,0.0,0.0,0,0,230
40,0,0.0,0.0,0,0,230
41,0,0.0,0.0,0,0,230
42,0,0.0,0.0,0,0,230
43,0,0.0,0.0,0,0,230
44,0,0.0,0.0,0,0,230
45,0,0.0,0.0,0,0,230
46,0,0.0,0.0,0,0,230
47,0,0.0,0.0,0,0,230
0,27,0.0,0.6847928858544434,27,19,8
1,5,0.0,0.0,5,22,10
2,13,0.0,0.6454194218111475,13,31,14
3,13,0.0,0.5666847833943379,13,40,18
4,14,0.0,0.593047081664976,14,50,22
5,13,0.0,0.5132620731905555,13,59,26
6,17,0.0,0.5769713562088189,17,71,31
7,15,0.4461237248229737,0.5705680603647553,15,77,40
8,18,0.5551582562473798,0.584948085639062,18,76,59
9,19,0.5843788009976493,0.5911774754790333,19,84,70
10,13,0.6388244057898955,0.6463320206911459,12,75,91
11,15,0.7012362051812038,0.7125359017119761,14,75,105
12,19,0.7182829322246614,0.729472746948031,19,79,120
13,15,0.7118898545171142,0.7169220467872687,15,50,138
14,12,0.6979639667968268,0.7024837786634488,12,27,148
15,8,0.6746859875497184,0.6867036279693441,8,32,151
16,13,0.6583429353648148,0.6629882537378421,13,32,162
17,10,0.6311818441238065,0.6372447149284035,10,39,165
18,6,0.6166020953322522,0.6214587746177156,6,43,167
19,8,0.6067928545413427,0.6079553143472773,8,49,169
20,8,0.5748371471322041,0.5824623062514301,7,54,171
21,7,0.5606425105298906,0.572639225824713,7,59,173
22,5,0.5422302314640666,0.5551690225518237,5,62,175
23,5,0.5192654803392747,0.531013281939707,5,66,176
24,2,0.5184755235346925,0.5184755235346925,2,70,174
25,4,0.49206236206814774,0.5013062852096976,4,73,174
26,3,0.46792816728317577,0.4743472566976953,3,59,182
27,1,0.46710112067439513,0.46710112067439513,1,53,185
28,1,0.43683839128943897,0.43683839128943897,1,53,186
29,0,0.0,0.0,0,53,182
30,0,0.0,0.0,0,46,185
31,0,0.0,0.0,0,45,186
32,0,0.0,0.0,0,45,186
33,0,0.0,0.0,0,40,191
34,0,0.0,0.0,0,36,195
35,0,0.0,0.0,0,34,197
36,0,0.0,0.0,0,1,229
37,0,0.0,0.0,0,1,229
38,0,0.0,0.0,0,1,229
39,0,0.0,0.0,0,0,230
40,0,0.0,0.0,0,0,230
41,0,0.0,0.0,0,0,230
42,0,0.0,0.0,0,0,230
43,0,0.0,0.0,0,0,230
44,0,0.0,0.0,0,0,230
45,0,0.0,0.0,0,0,230
46,0,0.0,0.0,0,0,230
47,0,0.0,0.0,0,0,230
0,26,0.0,0.6512807484050067,26,18,8
1,6,0.0,0.0,6,22,10
2,12,0.17575468540145128,0.6569793326059543,12,30,14
3,12,0.0,0.5773227071399305,12,39,17
4,15,0.0,0.5709402455541515,15,49,22
5,9,0.0,0.5531827644318925,9,55,25
6,18,0.0,0.570235279144068,18,68,30
7,14,0.44843724951048203,0.5693330186654095,14,73,39
8,16,0.5549821789299125,0.5877411892202633,16,70,58
9,23,0.5871232689341297,0.5965479004729545,23,81,70
10,14,0.6340602795317207,0.6435575318025175,14,75,90
11,13,0.6954970100492396,0.7085683656751676,13,74,104
12,18,0.7190003970956438,0.7308889020516727,18,81,115
13,12,0.7147314399114391,0.717940719601169,12,54,132
14,15,0.6986685970487868,0.7090070083467318,15,37,142
15,8,0.6738537008103493,0.6846930434504387,8,43,144
16,13,0.6581043175908808,0.6657496821954716,13,33,156
17,8,0.6386290370455082,0.6442013554038236,7,38,158
18,10,0.6147338453423212,0.6253647763450058,10,45,161
19,7,0.6044371236108289,0.6083888341449415,7,50,163
20,7,0.5778480696603152,0.587469606261362,7,55,165
21,5,0.5699925509952611,0.5725984144509122,5,58,167
22,7,0.5478980247066161,0.551457457927469,7,63,169
23,4,0.5236160013871664,0.5288565484568601,4,67,169
24,3,0.5172788910375089,0.518183799739294,3,71,168
25,4,0.5009445121042472,0.502144869274137,4,72,169
26,3,0.47077104192531183,0.4773764008918398,3,64,174
27,1,0.464183524898703,0.464183524898703,1,57,177
28,1,0.4412398899100931,0.4412398899100931,1,50,180
29,0,0.0,0.0,0,48,177
30,0,0.0,0.0,0,40,181
31,0,0.0,0.0,0,38,183
32,0,0.0,0.0,0,36,185
33,0,0.0,0.0,0,35,186
34,0,0.0,0.0,0,34,187
35,0,0.0,0.0,0,31,190
36,0,0.0,0.0,0,1,220
37,0,0.0,0.0,0,1,220
38,0,0.0,0.0,0,1,220
39,0,0.0,0.0,0,0,221
40,0,0.0,0.0,0,0,221
41,0,0.0,0.0,0,0,221
42,0,0.0,0.0,0,0,221
43,0,0.0,0.0,0,0,221
44,0,0.0,0.0,0,0,221
45,0,0.0,0.0,0,0,221
46,0,0.0,0.0,0,0,221
47,0,0.0,0.0,0,0,221
0,26,0.0,0.6512807484050067,26,18,8
1,6,0.0,0.0,6,22,10
0,26,0.0,0.6512807484050067,26,18,8
1,6,0.0,0.0,6,22,10
